dataset,filename,HBOS,CBLOF,LOF,COPOD,PCC,AutoEncoder (AE),DenoisingAutoEncoder (DAE),RobustPCA,Random Black Forest (RR),Torsk,Avg Ens.
settings_five,synthetic_batch_0.out,2.453446,6.916718,1.37981,0.970277,0.351002,0.538752,0.522487,0.285245,0.211885,23.722817,37.352439000000004
settings_five,synthetic_batch_1.out,0.127422,4.696595,1.186597,0.136286,0.302962,0.247631,0.237245,0.164006,0.19384,22.965506,30.258090000000003
settings_five,synthetic_batch_2.out,0.132525,5.550526,1.181281,0.133281,0.295768,0.234809,0.238106,0.155895,0.184598,23.245131,31.35192
settings_five,synthetic_batch_3.out,0.129543,5.810555,1.121154,0.13616,0.309625,0.232665,0.230065,0.275013,0.186715,23.383956,31.815451000000003
settings_five,synthetic_batch_4.out,0.128998,5.284557,1.112864,0.131524,0.291989,0.232385,0.23583,0.159089,0.237875,23.293834,31.108945
settings_five,synthetic_batch_5.out,0.122901,4.775283,1.105156,0.1324,0.302157,0.232254,0.227579,0.286982,0.185343,23.225485,30.59554
settings_five,synthetic_batch_6.out,0.124134,5.016206,1.091049,0.131919,0.289626,0.23379,0.230247,0.215756,0.181536,26.150319,33.664582
settings_five,synthetic_batch_7.out,0.131977,5.116793,1.083186,0.131231,0.303029,0.23489,0.229544,0.284629,0.183891,33.94807,41.647240000000004
settings_five,synthetic_batch_8.out,0.125238,5.106611,1.182131,0.131175,0.283108,0.233217,0.228413,0.219499,0.183195,31.470175,39.162762
settings_five,synthetic_batch_9.out,0.122567,6.285904,1.920755,0.1312,0.296057,0.236808,0.233967,0.171882,0.181256,28.765196,38.345591999999996
settings_five,synthetic_batch_10.out,0.138466,5.350926,1.215549,0.131644,0.303453,0.233818,0.229345,0.224452,0.18917,20.635894,28.652717000000003
settings_five,synthetic_batch_11.out,0.126603,5.619961,1.254127,0.132867,0.370323,0.234849,0.226231,0.225573,0.189087,22.377471,30.757092
settings_five,synthetic_batch_12.out,0.126644,5.534161,1.252474,0.130679,0.423947,0.231345,0.227523,0.191314,0.18691,24.98126,33.286257
settings_five,synthetic_batch_13.out,0.126494,5.556273,1.219141,0.130403,0.46217,0.233309,0.229776,0.255848,0.181898,27.849775,36.245087
settings_five,synthetic_batch_14.out,0.127278,5.038754,1.122738,0.129578,0.677295,0.233196,0.227161,0.189058,0.187036,25.88196,33.814054
settings_five,synthetic_batch_15.out,0.121912,5.161085,1.174609,0.131791,0.439571,0.233923,0.228912,0.20445,0.187612,27.286333,35.170198
settings_five,synthetic_batch_16.out,0.121293,5.329086,1.220732,0.130346,0.34284,0.234286,0.227964,0.211083,0.190119,22.555902,30.563651
settings_five,synthetic_batch_17.out,0.124477,4.807807,1.281408,0.129116,0.30855,0.241969,0.235432,0.247922,0.182284,20.50053,28.059495000000002
settings_five,synthetic_batch_18.out,0.127012,4.860297,1.175226,0.129639,0.3174,0.237492,0.234256,0.185453,0.184122,27.987953,35.43885
settings_five,synthetic_batch_19.out,0.120186,4.413358,1.172231,0.129266,0.309751,0.231678,0.234569,0.184992,0.182682,27.192861,34.171574
settings_five,synthetic_batch_20.out,0.125981,4.992046,1.195926,0.130482,0.319312,0.231938,0.231486,0.210304,0.182738,24.069497,31.689709999999998
settings_five,synthetic_batch_21.out,0.119123,5.192893,1.121914,0.130644,0.294423,0.23096,0.228371,0.219457,0.188403,27.824828,35.551016000000004
settings_five,synthetic_batch_22.out,0.119381,5.045879,1.191549,0.15723,0.298801,0.231534,0.228712,0.197294,0.184465,23.053097,30.707942000000003
settings_five,synthetic_batch_23.out,0.120907,5.094442,1.161405,0.135408,0.332226,0.234691,0.228047,0.15343,0.179369,25.997561,33.637486
settings_five,synthetic_batch_24.out,0.120728,5.103873,1.196198,0.159172,0.298058,0.24474,0.229225,0.242179,0.184636,25.394634,33.173443
settings_five,synthetic_batch_25.out,0.119796,5.378429,1.193381,0.140374,0.308738,0.243398,0.230015,0.232012,0.192781,23.864283,31.903207000000002
settings_five,synthetic_batch_26.out,0.120688,4.745546,1.192633,0.137577,0.292336,0.345714,0.228712,0.282031,0.18901,23.242516,30.776763
settings_five,synthetic_batch_27.out,0.120464,4.82585,1.162466,0.129649,0.359441,0.372727,0.229558,0.280796,0.183104,24.966127,32.630182
settings_five,synthetic_batch_28.out,0.120075,4.343012,1.118229,0.130445,0.367813,0.534003,0.229785,0.183646,0.187556,26.816774,34.031338
settings_five,synthetic_batch_29.out,0.12032,5.393718,1.166887,0.143806,0.373214,0.597562,0.227222,0.192072,0.18254,26.319965,34.717306
settings_five,synthetic_batch_30.out,0.119172,4.778197,1.402879,0.145087,0.336386,0.305394,0.230042,0.206255,0.185697,26.765382,34.474491
settings_five,synthetic_batch_31.out,0.120781,4.920759,1.176498,0.136749,0.38168,0.252016,0.230896,0.236903,0.183082,26.117972,33.757336
settings_five,synthetic_batch_32.out,0.12,4.800567,1.107178,0.151267,0.376417,0.23196,0.232144,0.222251,0.183364,26.538396,33.963544
settings_five,synthetic_batch_33.out,0.120366,5.625455,1.137463,0.132762,0.307198,0.233082,0.230597,0.245845,0.183092,23.739631,31.955491
settings_five,synthetic_batch_34.out,0.120055,6.646758,1.173237,0.140376,0.312728,0.249974,0.231813,0.217671,0.182601,27.735311,37.010524
settings_five,synthetic_batch_35.out,0.120589,4.946514,1.090926,0.139047,,,,,,,6.297076
settings_five,synthetic_batch_36.out,0.118633,5.62203,1.118645,0.137697,0.315291,0.247613,0.230172,0.170382,0.180278,26.598022,34.738763
settings_five,synthetic_batch_37.out,0.11895,5.293038,1.523559,0.133849,0.310116,0.252479,0.235069,0.263619,0.181226,27.773727,36.085632000000004
settings_five,synthetic_batch_38.out,0.119298,5.283544,1.127055,0.136345,0.30639,0.302234,0.237563,0.27176,0.186501,26.012585,33.983275
settings_five,synthetic_batch_39.out,0.120721,5.52283,1.10957,0.132759,0.306991,0.251094,0.240409,0.198592,0.181392,21.085136,29.149493999999997
settings_five,synthetic_batch_40.out,0.120026,4.517251,1.102466,0.12998,0.291642,0.238742,0.241276,0.1754,0.180338,19.214624,26.211745
settings_five,synthetic_batch_41.out,0.121505,5.93938,1.104312,0.13035,0.300095,0.235565,0.346022,0.282815,0.183677,23.763309,32.40703
settings_five,synthetic_batch_42.out,0.120145,4.387252,1.099902,0.1293,0.292159,0.249198,0.399301,0.166005,0.181245,24.101269,31.125776
settings_five,synthetic_batch_43.out,0.119961,5.515361,1.107869,0.129923,0.286426,0.238033,0.562474,0.161058,0.181805,23.382997,31.685907
settings_five,synthetic_batch_44.out,0.119052,5.252068,1.138127,0.130594,0.32806,0.245687,0.735577,0.186757,0.185122,23.709203,32.030247
settings_five,synthetic_batch_45.out,0.126486,5.168659,1.098751,0.130902,0.296417,0.250899,0.308117,0.199507,0.182499,24.441666,32.203903
settings_five,synthetic_batch_46.out,0.12028,5.838972,1.095533,0.129559,0.307569,0.254925,0.235607,0.147354,0.181132,25.104862,33.415793
settings_five,synthetic_batch_47.out,0.119765,5.336146,1.109754,0.12993,0.290918,0.257859,0.263629,0.163516,0.184996,23.655859,31.512372
settings_five,synthetic_batch_48.out,0.118814,4.56267,1.110927,0.135411,0.292414,0.290728,0.236835,0.276176,0.181866,23.746993,30.952834
settings_five,synthetic_batch_49.out,0.120051,5.23213,1.115364,0.131415,0.303815,0.249382,0.233094,0.224263,0.18118,25.032384,32.823078
settings_five,synthetic_batch_50.out,0.120735,4.714116,1.097129,0.131383,0.303554,0.254386,0.371127,0.228339,0.179043,24.309682,31.709494
settings_five,synthetic_batch_51.out,0.120602,4.835173,1.098046,0.135046,0.361465,0.262496,0.24425,0.195337,0.182971,23.029509,30.464895000000002
settings_five,synthetic_batch_52.out,0.122009,4.74631,1.091218,0.130276,0.313772,0.26696,0.240152,0.249114,0.18097,21.578597,28.919378
settings_five,synthetic_batch_53.out,0.121205,4.956603,1.111904,0.133371,0.353341,0.276624,0.232943,0.232404,0.181203,20.419073,28.018671
settings_five,synthetic_batch_54.out,0.125617,4.886891,1.103073,0.139186,0.309903,0.25532,0.260905,0.181758,0.186317,24.939192,32.388162
settings_five,synthetic_batch_55.out,0.122105,5.053937,1.127917,0.133333,0.352735,0.292642,0.257029,0.27595,0.187226,23.65298,31.455854000000002
settings_five,synthetic_batch_56.out,0.12222,6.326198,1.119393,0.132732,0.312785,0.261504,0.651239,0.277514,0.183604,23.306895,32.694084000000004
settings_five,synthetic_batch_57.out,0.121182,5.887726,1.109765,0.133448,0.288955,0.271147,0.3427,0.216866,0.182104,20.65289,29.206783
settings_five,synthetic_batch_58.out,0.121945,5.724487,1.106686,0.130701,0.298903,0.322269,0.24673,0.203097,0.18336,23.06787,31.406048
settings_five,synthetic_batch_59.out,0.127177,5.543871,1.098185,0.132064,0.312839,0.281615,0.242727,0.272018,0.215453,24.5615,32.787448999999995
settings_five,synthetic_batch_60.out,0.124513,5.970738,1.107801,0.140708,0.319013,0.382342,0.247456,0.247431,0.20389,20.728226,29.472118000000002
settings_five,synthetic_batch_61.out,0.121939,4.950601,1.104111,0.133312,0.307243,0.252982,0.231208,0.197668,0.191688,23.138539,30.629291000000002
settings_five,synthetic_batch_62.out,0.126912,5.013238,1.096676,0.130652,0.306751,0.243924,0.231688,0.185503,0.400524,22.680708,30.416576
settings_five,synthetic_batch_63.out,0.119326,5.407189,1.101714,0.15059,0.309409,0.238736,0.231196,0.249865,0.420945,23.760138,31.989108
settings_five,synthetic_batch_64.out,0.127771,5.144833,1.106452,0.202445,0.295155,0.238002,0.25694,0.195571,0.457909,26.47594,34.501018
settings_five,synthetic_batch_65.out,0.121386,4.585591,1.109461,0.143088,0.309282,0.234483,0.241402,0.271125,0.358001,20.755515,28.129334
settings_five,synthetic_batch_66.out,0.121112,4.916366,1.137932,0.2734,0.292059,0.244678,0.231409,0.271001,0.461979,22.30401,30.253946000000003
settings_five,synthetic_batch_67.out,0.120962,4.91961,1.119916,0.227436,0.307865,0.250864,0.239768,0.223997,0.456222,19.492365,27.359005
settings_five,synthetic_batch_68.out,0.120818,8.809495,1.114785,0.348147,0.285617,0.244374,0.234565,0.18292,0.325702,20.675975,32.342398
settings_five,synthetic_batch_69.out,0.121973,4.914068,1.097486,0.391392,0.309971,0.235752,0.256897,0.281523,0.225278,20.914897,28.749237
settings_five,synthetic_batch_70.out,0.120258,5.869517,1.094465,0.376036,0.299192,0.233277,0.267789,0.236942,0.207969,21.008017,29.713462
settings_five,synthetic_batch_71.out,0.120602,5.41583,1.092557,0.30824,,,,,,,6.937228999999999
settings_five,synthetic_batch_72.out,0.123711,4.918202,1.100717,0.140923,0.289778,0.235155,0.572856,0.208203,0.227209,24.762562,32.579316
settings_five,synthetic_batch_73.out,0.121693,5.401154,1.093176,0.151159,0.279402,0.236705,0.494463,0.270848,0.215671,25.111293,33.375564
settings_five,synthetic_batch_74.out,0.1212,5.071661,1.118427,0.13817,0.289424,0.234548,0.284587,0.197195,0.199427,19.908382,27.563021
settings_five,synthetic_batch_75.out,0.12072,4.670376,1.122058,0.140884,0.295835,0.243282,0.243917,0.186613,0.188287,21.864649,29.076621
settings_five,synthetic_batch_76.out,0.119296,5.646847,1.1092,0.13758,0.29096,0.246507,0.229225,0.226574,0.203848,21.917107,30.127144
settings_five,synthetic_batch_77.out,0.120386,4.5862,1.158793,0.133621,0.301123,0.2416,0.246605,0.221985,0.208625,22.713302,29.93224
settings_five,synthetic_batch_78.out,0.126048,5.145058,1.104347,0.13419,0.300436,0.233743,0.236216,0.280834,0.194898,22.695437,30.451206999999997
settings_five,synthetic_batch_79.out,0.123803,5.27307,1.11833,0.146001,0.33601,0.24201,0.23457,0.217959,0.192553,23.516417,31.400723
settings_five,synthetic_batch_80.out,0.122528,5.261715,1.111724,0.135136,0.307544,0.237755,0.231429,0.279618,0.183834,24.844573,32.715856
settings_five,synthetic_batch_81.out,0.124686,4.343016,1.097127,0.178468,0.329123,0.234288,0.23057,0.271265,0.186469,23.756299,30.751310999999998
settings_five,synthetic_batch_82.out,0.122448,4.883211,1.097815,0.134572,0.303331,0.236645,0.229498,0.241115,0.190805,23.321307,30.760747000000002
settings_five,synthetic_batch_83.out,0.121959,4.509579,1.116192,0.136618,0.29096,0.24552,0.230547,0.272763,0.198769,24.340144,31.463051
settings_five,synthetic_batch_84.out,0.121606,5.051991,1.101892,0.13791,0.291617,0.241166,0.233523,0.286385,0.184913,22.210347,29.861349999999998
settings_five,synthetic_batch_85.out,0.127652,4.962275,1.102184,0.139128,0.286829,0.27585,0.236308,0.277785,0.184706,23.332651,30.925368
settings_five,synthetic_batch_86.out,0.120878,4.586654,1.109079,0.141238,0.290233,0.318442,0.231478,0.271863,0.187835,21.947803,29.205503
settings_five,synthetic_batch_87.out,0.125549,5.064951,1.116386,0.139373,0.291866,0.617387,0.227496,0.177783,0.219042,22.108504,30.088337
settings_five,synthetic_batch_88.out,0.125111,4.563763,1.206051,0.146038,0.295109,0.34662,0.234696,0.239102,0.194962,22.247382,29.598834000000004
settings_five,synthetic_batch_89.out,0.125524,5.160137,1.122387,0.182202,0.311833,0.248659,0.230681,0.188671,0.208879,24.488682,32.267655
settings_five,synthetic_batch_90.out,0.12363,5.211825,1.108486,0.158924,0.280844,0.232025,0.254766,0.269095,0.202093,23.950795,31.792482999999997
settings_five,synthetic_batch_91.out,0.12469,4.797342,1.128286,0.15993,0.293421,0.233914,0.24315,0.212658,0.213901,24.422105,31.829397
settings_five,synthetic_batch_92.out,0.124511,4.533832,1.195729,0.152418,0.295889,0.235688,0.231582,0.275799,0.194414,23.570707,30.810569
settings_five,synthetic_batch_93.out,0.123577,4.459888,1.103455,0.144314,0.29192,0.232698,0.229791,0.193959,0.199645,24.694653,31.6739
settings_five,synthetic_batch_94.out,0.121938,5.049388,1.116684,0.143424,0.29295,0.236488,0.233537,0.23901,0.192116,21.495806,29.121341
settings_five,synthetic_batch_95.out,0.130157,4.514936,1.100894,0.145947,,,,,,,5.891933999999999
settings_five,synthetic_batch_96.out,0.120719,4.338709,1.092993,0.152982,0.339877,0.233469,0.231794,0.254446,0.214676,24.441336,31.421001
settings_five,synthetic_batch_97.out,0.120596,4.614683,1.106207,0.138351,0.338028,0.243678,0.23191,0.205661,0.242423,22.699338,29.940875000000002
settings_five,synthetic_batch_98.out,0.120626,5.033911,1.123861,0.194973,0.296023,0.237217,0.244635,0.230359,0.205529,23.333018,31.020152
settings_five,synthetic_batch_99.out,0.120838,5.1832,1.113294,0.138498,0.325397,0.233024,0.236315,0.294657,0.203364,22.32427,30.172857
settings_five,synthetic_batch_100.out,0.121124,5.248136,1.150138,0.15467,0.309132,0.232622,0.230489,0.291028,0.198282,24.004221,31.939842000000002
settings_five,synthetic_batch_101.out,0.121686,4.278941,1.146709,0.181099,0.305442,0.231817,0.234316,0.238513,0.213973,22.920624,29.87312
settings_five,synthetic_batch_102.out,0.120506,5.353021,1.112297,0.139836,0.307881,0.236453,0.228896,0.250531,0.218627,21.924007,29.892055
settings_five,synthetic_batch_103.out,0.123084,4.870611,1.127754,0.144669,0.301601,0.233081,0.232494,0.255051,0.202988,22.166009,29.657342
settings_five,synthetic_batch_104.out,0.121808,5.319841,1.08969,0.249024,,,,,,,6.7803629999999995
settings_five,synthetic_batch_105.out,0.122895,6.084501,1.086249,0.150039,0.295454,0.232691,0.236841,0.284135,0.20091,22.648583,31.342298
settings_five,synthetic_batch_106.out,0.124994,4.949486,1.094472,0.154143,0.269893,0.232378,0.232104,0.180115,0.199316,22.983165,30.420066
settings_five,synthetic_batch_107.out,0.123219,5.275253,1.091272,0.135889,0.288595,0.233971,0.234234,0.270088,0.191266,22.993588,30.837374999999998
settings_five,synthetic_batch_108.out,0.124434,5.489367,1.098848,0.140771,0.297418,0.247466,0.238827,0.178712,0.219154,21.644932,29.679929
settings_five,synthetic_batch_109.out,0.130733,4.904917,1.095099,0.136325,0.279117,0.22646,0.235443,0.254511,0.224332,24.255746,31.742683
settings_five,synthetic_batch_110.out,0.128828,4.495167,1.08884,0.132498,0.29543,0.23272,0.232624,0.165158,0.221446,24.095777,31.088487999999998
settings_five,synthetic_batch_111.out,0.149189,5.58654,1.084313,0.130239,0.288146,0.231567,0.232073,0.226678,0.213956,23.891781,32.034482000000004
settings_five,synthetic_batch_112.out,0.132869,5.500266,1.100203,0.131138,0.297649,0.23182,0.236014,0.1797,0.212328,21.459906,29.481893
settings_five,synthetic_batch_113.out,0.12457,4.915522,1.136248,0.130889,0.299394,0.235458,0.234712,0.241278,0.220838,25.062359,32.601268000000005
settings_five,synthetic_batch_114.out,0.1275,4.920477,1.179724,0.129872,0.287305,0.230858,0.255755,0.233241,0.237863,24.453287,32.055882
settings_five,synthetic_batch_115.out,0.120484,5.132883,1.089304,0.138417,0.309915,0.236122,0.231094,0.197744,0.20931,22.306511,29.971784
settings_five,synthetic_batch_116.out,0.124359,4.600419,1.103939,0.136362,0.31934,0.237384,0.235397,0.182299,0.241346,24.063244,31.244089000000002
settings_five,synthetic_batch_117.out,0.119336,5.043181,1.092298,0.135103,0.29658,0.23509,0.269416,0.194859,0.210326,23.227466,30.823655
settings_five,synthetic_batch_118.out,0.12018,4.284851,1.100207,0.134803,0.334098,0.233624,0.253825,0.219113,0.232478,25.150642,32.063821000000004
settings_five,synthetic_batch_119.out,0.12009,4.611163,1.166663,0.156296,0.292479,0.234622,0.236378,0.163149,0.224219,23.846483,31.051541999999998
settings_five,synthetic_batch_120.out,0.119147,4.943451,1.111614,0.140196,0.296505,0.248031,0.23398,0.198943,0.229953,23.331147,30.852967
settings_five,synthetic_batch_121.out,0.122297,5.147719,1.105712,0.13987,0.287819,0.23959,0.25416,0.183643,0.22787,25.72718,33.43586
settings_five,synthetic_batch_122.out,0.120195,4.441341,1.097867,0.198195,0.284396,0.238181,0.239809,0.1846,0.227303,22.832129,29.864016
settings_five,synthetic_batch_123.out,0.119832,4.8259,1.093579,0.175131,0.307963,0.234552,0.231525,0.283971,0.212428,23.134005,30.618886
settings_five,synthetic_batch_124.out,0.120709,4.864036,1.106244,0.468009,0.290794,0.238553,0.239675,0.272266,0.219781,25.024923,32.84499
settings_five,synthetic_batch_125.out,0.119487,4.625748,1.094823,0.138939,0.279063,0.249745,0.231565,0.170881,0.226876,23.440704,30.577831
settings_five,synthetic_batch_126.out,0.119888,5.354305,1.095492,0.136469,0.294885,0.25456,0.229239,0.176698,0.218026,24.756832,32.636393999999996
settings_five,synthetic_batch_127.out,0.126026,4.591897,1.116676,0.140883,0.292656,0.249988,0.231673,0.255506,0.23064,22.503729,29.739674
settings_five,synthetic_batch_128.out,0.120219,4.880281,1.102031,0.133065,0.297336,0.275993,0.230436,0.207783,0.236857,22.555994,30.039994999999998
settings_five,synthetic_batch_129.out,0.122757,4.457947,1.092864,0.131801,0.2884,0.249657,0.232598,0.15133,0.233591,23.681089,30.642034
settings_five,synthetic_batch_130.out,0.122581,4.780715,1.10056,0.132719,0.289129,0.241932,0.228836,0.189163,0.221869,21.953699,29.261203000000002
settings_five,synthetic_batch_131.out,0.126485,4.913726,1.106668,0.138122,0.284813,0.262851,0.229879,0.263283,0.239167,23.575858,31.140852
settings_five,synthetic_batch_132.out,0.120515,5.333206,1.092196,0.131037,0.322416,0.288074,0.228101,0.269569,0.222071,23.037333,31.044518
settings_five,synthetic_batch_133.out,0.118976,4.702469,1.095193,0.13062,0.311325,0.258375,0.233994,0.235067,0.216241,22.650828,29.953088
settings_five,synthetic_batch_134.out,0.119201,5.441064,1.097441,0.132943,0.296718,0.250274,0.230632,0.167802,0.356142,23.856785,31.949002
settings_five,synthetic_batch_135.out,0.12905,4.743544,1.099212,0.131135,0.294798,0.322769,0.227821,0.186169,0.231204,53.402364,60.768066
settings_five,synthetic_batch_136.out,0.127506,5.39619,1.08871,0.132807,0.288596,0.283723,0.231903,0.221728,0.231731,33.446407,41.449301
settings_five,synthetic_batch_137.out,0.122817,4.808696,1.090231,0.132841,0.28403,0.277017,0.231533,0.191971,0.254757,25.196701,32.590594
settings_five,synthetic_batch_138.out,0.120698,5.213429,1.088754,0.133029,0.283923,0.275281,0.236566,0.228458,0.218075,27.340953,35.139165999999996
settings_five,synthetic_batch_139.out,0.119485,4.989756,1.093517,0.133228,0.314329,0.240825,0.23083,0.156093,0.209369,27.310792,34.798224
settings_five,synthetic_batch_140.out,0.123589,5.811907,1.101398,0.133087,0.286274,0.238904,0.230156,0.179748,0.219761,25.879453,34.204277000000005
settings_five,synthetic_batch_141.out,0.12121,5.199624,1.182963,0.132301,0.335544,0.240778,0.229828,0.190167,0.219924,26.360152,34.212491
settings_five,synthetic_batch_142.out,0.119816,4.776511,1.163415,0.148674,0.293854,0.275043,0.236249,0.178617,0.209222,25.994447,33.395848
settings_five,synthetic_batch_143.out,0.122633,4.750455,1.113381,0.132278,0.290897,0.278033,0.232047,0.19626,0.303171,26.57858,33.997735
settings_five,synthetic_batch_144.out,0.120439,4.778883,1.091286,0.131402,0.302093,0.235639,0.229628,0.234207,0.254177,27.21965,34.597404000000004
settings_five,synthetic_batch_145.out,0.120802,4.880609,1.169115,0.130879,0.300029,0.232612,0.229836,0.262381,0.211668,27.073775,34.611706
settings_five,synthetic_batch_146.out,0.120414,4.809206,1.163159,0.131613,0.317197,0.237595,0.235256,0.182385,0.202079,26.756085,34.154989
settings_five,synthetic_batch_147.out,0.121413,5.175041,1.114642,0.143185,0.297648,0.243091,0.231011,0.277091,0.192938,26.635293,34.431353
settings_five,synthetic_batch_148.out,0.125126,5.183611,1.109291,0.138657,0.286488,0.247738,0.244654,0.181035,0.189408,27.108944,34.814952000000005
settings_five,synthetic_batch_149.out,0.121078,4.439181,1.106716,0.135603,0.303567,0.238934,0.233666,0.165812,0.19672,25.889438,32.830715
settings_five,synthetic_batch_150.out,0.119847,5.570826,1.106682,0.136069,0.363806,0.242759,0.233197,0.211062,0.184835,25.58471,33.753793
settings_five,synthetic_batch_151.out,0.119228,5.584614,1.132456,0.14419,0.310867,0.234402,0.239141,0.226948,0.185364,26.021533,34.198743
settings_five,synthetic_batch_152.out,0.1227,4.875697,1.101588,0.137306,0.316343,0.231782,0.240416,0.267811,0.185454,27.632033,35.11113
settings_five,synthetic_batch_153.out,0.12013,4.913442,1.10702,0.139772,0.311435,0.231606,0.237773,0.265569,0.186295,28.116222,35.629264
settings_five,synthetic_batch_154.out,0.12013,5.619031,1.117723,0.133025,0.285776,0.240495,0.237091,0.255091,0.185009,26.511498,34.704869
settings_five,synthetic_batch_155.out,0.120701,4.735966,1.121173,0.133096,0.306162,0.234354,0.241261,0.208813,0.181753,25.883874,33.167153
settings_five,synthetic_batch_156.out,0.119971,5.255115,1.136831,0.134888,0.286476,0.233593,0.238789,0.170884,0.190856,27.986605,35.754008
settings_five,synthetic_batch_157.out,0.121204,5.065901,1.112832,0.141896,0.293221,0.233907,0.231821,0.212406,0.207558,28.226072,35.846818
settings_five,synthetic_batch_158.out,0.12084,4.74063,1.112165,0.135464,0.306075,0.233269,0.232307,0.265228,0.21883,25.157155,32.521963
settings_five,synthetic_batch_159.out,0.119996,5.115286,1.125859,0.179106,0.291187,0.231866,0.230002,0.173875,0.211671,22.522771,30.201619
settings_five,synthetic_batch_160.out,0.120361,4.598435,1.105129,0.140817,0.289385,0.236103,0.236298,0.229219,0.220819,24.075175,31.251741000000003
settings_five,synthetic_batch_161.out,0.123653,4.461594,1.113573,0.133839,0.286295,0.233305,0.229078,0.198655,0.217722,20.634066,27.63178
settings_five,synthetic_batch_162.out,0.119114,4.98798,1.10992,0.132836,0.305394,0.248914,0.238408,0.236607,0.226711,23.802424,31.408307999999998
settings_five,synthetic_batch_163.out,0.119572,5.334448,1.171413,0.13234,,,,,,,6.757773
settings_five,synthetic_batch_164.out,0.119855,4.808471,1.117294,0.132504,0.282044,0.236675,0.248939,0.184591,0.208222,21.480985,28.819580000000002
settings_five,synthetic_batch_165.out,0.119361,5.487414,1.124807,0.130664,0.28682,0.250383,0.308178,0.192192,0.223544,22.318112,30.441474999999997
settings_five,synthetic_batch_166.out,0.119079,5.390893,1.135726,0.131507,0.297394,0.231922,0.239634,0.193447,0.306972,23.504112,31.550686
settings_five,synthetic_batch_167.out,0.118499,5.007068,1.108958,0.132515,0.302983,0.234571,0.234209,0.251409,0.383229,21.157397,28.930838
settings_five,synthetic_batch_168.out,0.120357,4.895034,1.118995,0.145581,0.312833,0.239441,0.240097,0.19267,0.309363,22.570207,30.144578
settings_five,synthetic_batch_169.out,0.118922,4.737123,1.116469,0.134242,0.316311,0.235398,0.236148,0.214165,0.222014,23.969333,31.300125
settings_five,synthetic_batch_170.out,0.119402,4.576165,1.11138,0.131634,0.310429,0.234258,0.238688,0.23112,0.210925,24.565851,31.729851999999998
settings_five,synthetic_batch_171.out,0.119191,4.813782,1.10712,0.130257,0.301846,0.232109,0.274739,0.162475,0.24543,25.172037,32.558986
settings_five,synthetic_batch_172.out,0.118416,4.665663,1.111288,0.134361,0.288853,0.28362,0.240126,0.263306,0.224891,23.937996,31.26852
settings_five,synthetic_batch_173.out,0.1193,4.838381,1.198053,0.138315,0.304837,0.236834,0.239067,0.185906,0.224546,22.227248,29.712487
settings_five,synthetic_batch_174.out,0.118362,5.023554,1.217827,0.140351,0.278738,0.241392,0.237688,0.186652,0.232,20.81879,28.495354
settings_five,synthetic_batch_175.out,0.118028,4.673503,1.119305,0.139376,0.294255,0.234322,0.312473,0.22349,0.199024,22.917697,30.231473
settings_five,synthetic_batch_176.out,0.118608,5.107605,1.12057,0.135095,0.319767,0.235391,0.285213,0.213965,0.200819,23.110555,30.847588000000002
settings_five,synthetic_batch_177.out,0.118947,5.081597,1.11536,0.133512,0.285457,0.233587,0.255798,0.282876,0.209748,24.291433,32.008315
settings_five,synthetic_batch_178.out,0.123969,4.967784,1.139578,0.13912,0.277498,0.234418,0.243977,0.176474,0.196969,23.154458,30.654245000000003
settings_five,synthetic_batch_179.out,0.119663,4.683839,1.110129,0.139067,0.297995,0.234422,0.248203,0.217511,0.219409,23.391832,30.66207
settings_five,synthetic_batch_180.out,0.119763,4.732358,1.103308,0.139175,,,,,,,6.0946039999999995
settings_five,synthetic_batch_181.out,0.121826,5.586596,1.138636,0.140478,0.293031,0.233487,0.256846,0.164899,0.219961,24.280653,32.436413
settings_five,synthetic_batch_182.out,0.122023,4.853138,1.11655,0.137917,0.290918,0.233521,0.280433,0.22481,0.223613,23.109504,30.592427
settings_five,synthetic_batch_183.out,0.123032,4.56994,1.114154,0.144302,0.310757,0.234985,0.314337,0.20431,0.230896,24.596926,31.843639
settings_five,synthetic_batch_184.out,0.125396,5.556943,1.108199,0.13859,0.293477,0.232541,0.287352,0.222784,0.199327,23.696416,31.861024999999998
settings_five,synthetic_batch_185.out,0.123122,4.911793,1.104851,0.1333,0.35056,0.232946,0.279202,0.234543,0.200729,24.888349,32.459395
settings_five,synthetic_batch_186.out,0.124677,5.324655,1.099996,0.133363,0.30201,0.243909,0.242763,0.184515,0.215578,23.491673,31.363138999999997
settings_five,synthetic_batch_187.out,0.123522,4.752426,1.109001,0.131701,0.312282,0.234542,0.229697,0.117871,0.245757,22.408582,29.665381
settings_five,synthetic_batch_188.out,0.123974,4.883782,1.106183,0.131864,0.312332,0.239176,0.228577,0.165821,0.234714,23.635569,31.061992
settings_five,synthetic_batch_189.out,0.124103,4.773088,1.130114,0.133313,0.315689,0.232479,0.232501,0.198385,0.232257,23.740104,31.112032999999997
settings_five,synthetic_batch_190.out,0.123846,4.634025,1.10009,0.132235,0.298053,0.233346,0.28288,0.213285,0.242859,23.211111,30.47173
settings_five,synthetic_batch_191.out,0.132337,4.977529,1.099286,0.129749,0.3125,0.232502,0.259159,0.215633,0.23303,24.376542,31.968267
settings_five,synthetic_batch_192.out,0.127221,4.693782,1.275608,0.129849,0.279665,0.235542,0.230462,0.169941,0.226628,24.875617,32.244315
settings_five,synthetic_batch_193.out,0.123129,5.066163,1.298281,0.131662,0.296353,0.234537,0.231413,0.275817,0.259298,24.37406,32.290713
settings_five,synthetic_batch_194.out,0.126993,4.586379,1.125914,0.130052,0.311688,0.235368,0.231313,0.201334,0.234267,23.826827,31.010135000000002
settings_five,synthetic_batch_195.out,0.124362,4.863324,1.178585,0.132792,0.315537,0.232826,0.234938,0.201036,0.241962,23.635033,31.160395
settings_five,synthetic_batch_196.out,0.124065,4.935777,1.136682,0.134089,0.307209,0.237993,0.234597,0.195821,0.238053,25.109812,32.654098000000005
settings_five,synthetic_batch_197.out,0.123378,4.691188,1.116721,0.13222,0.292929,0.237311,0.231833,0.26425,0.251201,20.653034,27.994065000000003
settings_five,synthetic_batch_198.out,0.123989,4.740492,1.116082,0.13512,0.312032,0.236091,0.352617,0.185443,0.238869,24.654143,32.094878
settings_five,synthetic_batch_199.out,0.123703,4.422598,1.152878,0.131757,0.293607,0.232395,0.277071,0.216788,0.218951,24.153181,31.222929
settings_five,synthetic_batch_200.out,0.123111,4.624564,1.200007,0.132127,0.290836,0.231695,0.233453,0.270799,0.238391,23.409457,30.75444
settings_five,synthetic_batch_201.out,0.123276,4.60507,1.117242,0.129925,,,,,,,5.975513
settings_five,synthetic_batch_202.out,0.128901,4.747179,1.126764,0.131721,0.309749,0.238311,0.27503,0.224348,0.223889,21.928204,29.334096000000002
settings_five,synthetic_batch_203.out,0.122868,5.093865,1.123349,0.158325,0.293516,0.232084,0.373836,0.204221,0.196467,23.24012,31.038651
settings_five,synthetic_batch_204.out,0.124511,5.099015,1.124346,0.130099,0.334817,0.320222,0.605991,0.202498,0.217808,25.526354,33.685661
settings_five,synthetic_batch_205.out,0.123074,4.664312,1.122915,0.133963,0.301755,0.243461,0.39189,0.266717,0.225625,23.713272,31.186984
settings_five,synthetic_batch_206.out,0.121045,5.022853,1.123233,0.130441,0.297059,0.237024,0.237825,0.196795,0.192324,23.391969,30.950568
settings_five,synthetic_batch_207.out,0.120174,4.795954,1.132376,0.143776,0.304908,0.241485,0.233791,0.241409,0.197417,22.302861,29.714151
settings_five,synthetic_batch_208.out,0.120505,4.678615,1.142673,0.1368,0.301995,0.241742,0.24126,0.181389,0.246884,22.92827,30.220133
settings_five,synthetic_batch_209.out,0.119938,4.950427,1.130967,0.136921,0.286626,0.248595,0.237045,0.165461,0.192793,22.098087,29.56686
settings_five,synthetic_batch_210.out,0.119936,4.683662,1.124912,0.136896,,,,,,,6.065405999999999
settings_five,synthetic_batch_211.out,0.12536,6.066394,1.155396,0.159462,0.294247,0.237991,0.239371,0.195803,0.184215,23.482302,32.140541
settings_five,synthetic_batch_212.out,0.119219,5.54058,1.133565,0.134478,0.299629,0.242293,0.242354,0.22945,0.184015,23.182357,31.307940000000002
settings_five,synthetic_batch_213.out,0.120053,4.95437,1.113854,0.156156,0.279416,0.233611,0.254663,0.27485,0.185362,22.812875,30.385209999999997
settings_five,synthetic_batch_214.out,0.119281,5.201888,1.122794,0.210166,0.295048,0.268767,0.233953,0.169759,0.185906,21.25244,29.060002
settings_five,synthetic_batch_215.out,0.120948,4.359341,1.123436,0.302036,0.296393,0.233198,0.245666,0.182568,0.188036,23.68873,30.740352
settings_five,synthetic_batch_216.out,0.119945,4.498072,1.125107,0.560618,0.301852,0.231024,0.240267,0.19282,0.184401,25.51423,32.968336
settings_five,synthetic_batch_217.out,0.11893,5.405479,1.126765,0.349839,0.286641,0.235737,0.242685,0.197162,0.18987,22.155244,30.308352
settings_five,synthetic_batch_218.out,0.119875,5.038232,1.120421,0.250411,0.29787,0.234597,0.241966,0.200216,0.186964,24.86914,32.559692
settings_five,synthetic_batch_219.out,0.120539,4.693533,1.147049,0.136919,0.292713,0.234726,0.235656,0.181291,0.183531,22.084053,29.310010000000002
settings_five,synthetic_batch_220.out,0.119514,4.792739,1.124127,0.138582,0.324976,0.232323,0.232907,0.210406,0.184301,22.106713,29.466587999999998
settings_five,synthetic_batch_221.out,0.120155,5.348964,1.128554,0.130503,0.292786,0.241801,0.249006,0.218017,0.182032,24.023091,31.934909
settings_five,synthetic_batch_222.out,0.119554,4.619104,1.139725,0.131044,,,,,,,6.0094270000000005
settings_five,synthetic_batch_223.out,0.119588,4.928599,1.109396,0.132517,0.296148,0.234688,0.248845,0.214654,0.269019,20.82424,28.377694
settings_five,synthetic_batch_224.out,0.120709,4.274209,1.116939,0.136365,0.312867,0.233843,0.246045,0.183332,0.186686,23.677385,30.48838
settings_five,synthetic_batch_225.out,0.119301,4.993219,1.172079,0.133279,0.294468,0.241554,0.235488,0.29558,0.185982,23.834127,31.505077
settings_five,synthetic_batch_226.out,0.119671,5.018042,1.141406,0.135538,0.347831,0.239067,0.250883,0.154257,0.18696,24.492482,32.086137
settings_five,synthetic_batch_227.out,0.1192,4.935378,1.124746,0.133878,0.290275,0.231809,0.248084,0.238923,0.187931,23.747995,31.258219
settings_five,synthetic_batch_228.out,0.123711,4.148904,1.132071,0.130955,0.284696,0.235801,0.232709,0.269224,0.249695,23.381411,30.189177
settings_five,synthetic_batch_229.out,0.11922,4.388155,1.130235,0.130083,0.307548,0.237506,0.235214,0.207066,0.243963,23.721672,30.720662
settings_five,synthetic_batch_230.out,0.120467,4.851049,1.121502,0.130627,0.288763,0.233811,0.273333,0.237295,0.206025,22.935142,30.398014
settings_five,synthetic_batch_231.out,0.118971,4.626949,1.115681,0.130132,0.282771,0.237037,0.498691,0.164659,0.202618,21.376662,28.754171
settings_five,synthetic_batch_232.out,0.12196,4.736828,1.119449,0.131458,0.28852,0.245214,0.429,0.188373,0.201335,23.59562,31.057757
settings_five,synthetic_batch_233.out,0.137812,5.846231,1.139516,0.131807,0.313474,0.234982,0.241251,0.162213,0.192058,22.25157,30.650914
settings_five,synthetic_batch_234.out,0.137893,4.238396,1.138301,0.132738,0.305244,0.237178,0.236362,0.268683,0.203974,22.920404,29.819173
settings_five,synthetic_batch_235.out,0.13653,4.748712,1.114798,0.130882,0.286554,0.232355,0.239224,0.208073,0.20647,24.519363,31.822961
settings_five,synthetic_batch_236.out,0.136147,5.179183,1.108589,0.130418,0.289344,0.232915,0.251968,0.253321,0.225102,28.511304,36.318291
settings_five,synthetic_batch_237.out,0.130508,4.793685,1.119081,0.131219,0.314807,0.235275,0.241434,0.206601,0.221269,23.866834,31.260713000000003
settings_five,synthetic_batch_238.out,0.135248,4.947434,1.122968,0.133505,0.301907,0.232703,0.231737,0.195558,0.190459,23.727028,31.218547
settings_five,synthetic_batch_239.out,0.133811,4.90775,1.126217,0.132956,0.303585,0.233023,0.235131,0.257457,0.202616,23.200121,30.732667
settings_five,synthetic_batch_240.out,0.137365,5.139223,1.112191,0.132427,0.287281,0.237907,0.242433,0.219075,0.189493,22.766607,30.464002
settings_five,synthetic_batch_241.out,0.121546,5.006225,1.10918,0.130702,0.322703,0.231515,0.256425,0.167688,0.198986,24.582499,32.127469
settings_five,synthetic_batch_242.out,0.122005,4.585583,1.129197,0.132188,0.29435,0.235116,0.28755,0.200877,0.182016,23.753871,30.922753
settings_five,synthetic_batch_243.out,0.127029,4.341929,1.126017,0.133204,0.310703,0.237461,0.237957,0.255091,0.187423,22.258606,29.21542
settings_five,synthetic_batch_244.out,0.120483,5.607802,1.148476,0.133036,,,,,,,7.009797000000001
settings_five,synthetic_batch_245.out,0.121434,4.848907,1.121165,0.131987,0.281984,0.231432,0.230975,0.170533,0.182917,23.945781,31.267115
settings_five,synthetic_batch_246.out,0.119632,4.710312,1.130051,0.132586,0.282358,0.23468,0.230103,0.182561,0.208094,24.286444,31.516821
settings_five,synthetic_batch_247.out,0.119145,5.160228,1.136215,0.134199,0.304978,0.233863,0.230925,0.202861,0.207849,24.030077,31.76034
settings_five,synthetic_batch_248.out,0.128853,5.431755,1.148095,0.131382,,,,,,,6.840085
settings_five,synthetic_batch_249.out,0.148303,4.707232,1.124992,0.134419,0.261352,0.233754,0.237087,0.184699,0.208952,24.292365,31.533155
settings_five,synthetic_batch_250.out,0.150071,4.660992,1.129792,0.133823,0.300875,0.232403,0.234072,0.242586,0.187225,23.154839,30.426678
settings_five,synthetic_batch_251.out,0.139943,4.863751,1.110491,0.136032,0.287712,0.231325,0.257524,0.301704,0.195485,23.768935,31.292901999999998
settings_five,synthetic_batch_252.out,0.133986,4.667258,1.134269,0.132839,0.28462,0.237471,0.254374,0.26995,0.195084,21.717582,29.027433000000002
settings_five,synthetic_batch_253.out,0.120869,4.727176,1.120952,0.13067,0.288338,0.236275,0.253095,0.164427,0.205015,24.053687,31.300504
settings_five,synthetic_batch_254.out,0.120734,5.258811,1.118226,0.130935,0.284545,0.232804,0.233,0.190391,0.208191,24.089755,31.867392
settings_five,synthetic_batch_255.out,0.122597,5.437727,1.161663,0.130876,0.276519,0.234463,0.231084,0.233969,0.204712,23.076593,31.110203
settings_five,synthetic_batch_256.out,0.123295,4.691153,1.153518,0.14126,0.291409,0.242161,0.244969,0.187273,0.210717,22.341005,29.626759999999997
settings_five,synthetic_batch_257.out,0.120689,5.17019,1.122353,0.132759,0.294999,0.235448,0.241709,0.183424,0.214016,22.032811,29.748397999999998
settings_five,synthetic_batch_258.out,0.119044,5.075368,1.1277,0.135599,0.319198,0.233587,0.247886,0.240319,0.228788,22.159228,29.886716999999997
settings_five,synthetic_batch_259.out,0.120089,4.502433,1.132147,0.131021,0.299193,0.239572,0.260382,0.188606,0.219615,22.997175,30.090232999999998
settings_five,synthetic_batch_260.out,0.123255,4.966429,1.170323,0.130861,0.312426,0.232718,0.239058,0.237321,0.206911,24.418005,32.037307
settings_five,synthetic_batch_261.out,0.12024,4.988057,1.112405,0.131113,0.30556,0.233774,0.237209,0.217283,0.225544,22.468216,30.039401
settings_five,synthetic_batch_262.out,0.119978,5.14482,1.13583,0.132804,0.312874,0.23826,0.24289,0.198013,0.239322,23.165032,30.929823
settings_five,synthetic_batch_263.out,0.120601,5.022795,1.121352,0.133266,0.305482,0.241184,0.24758,0.211766,0.221084,22.983275,30.608385
settings_five,synthetic_batch_264.out,0.119891,5.543832,1.108106,0.134058,0.299902,0.249688,0.233668,0.151825,0.207946,22.287378,30.336294000000002
settings_five,synthetic_batch_265.out,0.120242,4.399662,1.116342,0.131122,0.312272,0.235405,0.242999,0.260444,0.205142,24.152508,31.176138
settings_five,synthetic_batch_266.out,0.123365,5.068478,1.156221,0.1304,0.289744,0.241358,0.238563,0.196883,0.231054,22.722056,30.398122
settings_five,synthetic_batch_267.out,0.126064,4.42349,1.120525,0.139934,0.282368,0.234756,0.390871,0.177508,0.223205,23.62226,30.740981
settings_five,synthetic_batch_268.out,0.120924,4.568774,1.131929,0.138138,0.29483,0.231667,0.263573,0.198038,0.210739,23.528338,30.686950000000003
settings_five,synthetic_batch_269.out,0.120358,5.134135,1.131605,0.135438,0.277817,0.23644,0.238906,0.170457,0.234885,23.061954,30.741995
settings_five,synthetic_batch_270.out,0.121525,4.492692,1.127259,0.133856,0.304639,0.233767,0.242672,0.271129,0.210636,23.169333,30.307508000000002
settings_five,synthetic_batch_271.out,0.118947,4.83088,1.123619,0.131368,0.262506,0.230782,0.233666,0.203259,0.256387,22.38912,29.780534
settings_five,synthetic_batch_272.out,0.12079,4.634212,1.150629,0.131322,0.303502,0.230712,0.235797,0.155972,0.220106,27.7121,34.895142
settings_five,synthetic_batch_273.out,0.123701,4.819075,1.121178,0.133099,0.305031,0.235393,0.232035,0.271862,0.361296,23.284041,30.886711
settings_five,synthetic_batch_274.out,0.121593,5.412991,1.135468,0.131655,0.286019,0.231657,0.232759,0.226386,0.214612,23.138038,31.131178000000002
settings_five,synthetic_batch_275.out,0.119842,4.637732,1.126227,0.157581,0.295925,0.233776,0.23677,0.183405,0.331976,29.156167,36.479401
settings_five,synthetic_batch_276.out,0.129978,4.452156,1.143156,0.135516,0.296879,0.232922,0.247269,0.280864,0.211179,21.470579,28.600498
settings_five,synthetic_batch_277.out,0.121066,4.807597,1.138886,0.131227,0.261632,0.23804,0.24808,0.280878,0.184018,23.487687,30.899111
settings_five,synthetic_batch_278.out,0.120473,4.395069,1.155342,0.131425,0.315583,0.241543,0.319365,0.238744,0.184252,23.816744,30.91854
settings_five,synthetic_batch_279.out,0.119735,4.413465,1.117218,0.130637,0.301526,0.237334,0.257732,0.157117,0.22713,22.899159,29.861053000000002
settings_five,synthetic_batch_280.out,0.122285,4.95787,1.128654,0.130821,0.289933,0.294699,0.240178,0.19144,0.25874,23.453155,31.067774999999997
settings_five,synthetic_batch_281.out,0.12229,4.921978,1.123837,0.135427,0.294414,0.235208,0.234201,0.216788,0.201755,24.534728,32.020626
settings_five,synthetic_batch_282.out,0.121196,4.790519,1.117354,0.132605,0.316105,0.230184,0.237029,0.188351,0.194584,23.658028,30.985955
settings_five,synthetic_batch_283.out,0.122448,5.365685,1.115492,0.130563,0.300701,0.234387,0.277068,0.208731,0.185835,23.086559,31.027469000000004
settings_five,synthetic_batch_284.out,0.125248,4.978311,1.124729,0.132022,0.28171,0.234441,0.385163,0.251631,0.190948,23.312554,31.016757
settings_five,synthetic_batch_285.out,0.121801,4.510824,1.128303,0.131315,0.310318,0.238283,0.24771,0.169617,0.186643,23.848074,30.892888
settings_five,synthetic_batch_286.out,0.121765,5.153064,1.118448,0.13381,0.292233,0.235835,0.286399,0.253295,0.191412,24.371165,32.157426
settings_five,synthetic_batch_287.out,0.120087,4.606979,1.111497,0.13007,0.279499,0.238012,0.240151,0.174208,0.20307,24.099155,31.202728
settings_five,synthetic_batch_288.out,0.119463,4.66432,1.123655,0.136687,0.300685,0.233298,0.238791,0.163047,0.199841,22.95683,30.136617
settings_five,synthetic_batch_289.out,0.119263,4.872628,1.129204,0.134301,0.286076,0.244703,0.236642,0.215511,0.188805,23.888281,31.315414
settings_five,synthetic_batch_290.out,0.118693,5.201964,1.128972,0.130752,0.293996,0.231863,0.239213,0.154585,0.191013,24.662347,32.353398
settings_five,synthetic_batch_291.out,0.121678,5.043717,1.116189,0.132854,0.303772,0.230074,0.23876,0.176893,0.18936,22.027151,29.580448
settings_five,synthetic_batch_292.out,0.12693,5.452857,1.113161,0.130969,,,,,,,6.823917
settings_five,synthetic_batch_293.out,0.120403,4.616525,1.119964,0.130941,0.283576,0.235395,0.23982,0.215245,0.186078,60.077626,67.225573
settings_five,synthetic_batch_294.out,0.120484,4.38359,1.129735,0.12975,0.282857,0.236296,0.233321,0.219702,0.182584,43.394055,50.312374000000005
settings_five,synthetic_batch_295.out,0.120147,5.290991,1.139155,0.130709,0.299462,0.230882,0.235591,0.216124,0.182018,28.816363,36.661442
settings_five,synthetic_batch_296.out,0.120437,5.304232,1.128658,0.132193,,,,,,,6.6855199999999995
settings_five,synthetic_batch_297.out,0.119715,5.870455,1.11588,0.129662,0.280067,0.235338,0.249858,0.186337,0.184446,28.158554,36.530311999999995
settings_five,synthetic_batch_298.out,0.123911,5.038011,1.121225,0.129437,0.339689,0.232926,0.27754,0.158491,0.18097,26.411876,34.014076
settings_five,synthetic_batch_299.out,0.124923,4.833895,1.130321,0.132432,0.31129,0.233806,0.271576,0.183181,0.185456,27.473835,34.880715
settings_five,synthetic_batch_300.out,0.120205,4.441713,1.140957,0.131571,0.289918,0.232086,0.318767,0.216429,0.186889,26.141828,33.220363
settings_five,synthetic_batch_301.out,0.121233,5.312902,1.170166,0.130202,0.290657,0.231209,0.434323,0.182892,0.192356,24.997272,33.063212
settings_five,synthetic_batch_302.out,0.119045,5.470699,1.12618,0.129958,0.31248,0.235729,0.249652,0.176776,0.190198,26.930325,34.941041999999996
settings_five,synthetic_batch_303.out,0.117996,4.766812,1.130015,0.13674,0.278554,0.244829,0.271951,0.262411,0.198043,27.170305,34.577656
settings_five,synthetic_batch_304.out,0.124271,4.807872,1.107276,0.137798,0.289968,0.232977,0.245556,0.299308,0.187733,25.313794,32.746553
settings_five,synthetic_batch_305.out,0.120918,4.64602,1.130503,0.134019,0.298876,0.234936,0.23384,0.26103,0.189427,24.000957,31.250526
settings_five,synthetic_batch_306.out,0.120063,5.384502,1.132277,0.132863,0.320264,0.23623,0.231955,0.229036,0.188409,27.842134,35.817733000000004
settings_five,synthetic_batch_307.out,0.122119,4.956412,1.114343,0.131365,0.286201,0.23892,0.242867,0.18182,0.193156,25.580284,33.047487
settings_five,synthetic_batch_308.out,0.120574,4.836754,1.135358,0.130097,0.287921,0.234279,0.230782,0.199932,0.195078,28.175658,35.546433
settings_five,synthetic_batch_309.out,0.12142,6.014417,1.126851,0.131601,0.331684,0.231748,0.238472,0.215289,0.187771,25.465726,34.064979
settings_five,synthetic_batch_310.out,0.120952,5.025774,1.129691,0.130267,0.302767,0.231436,0.243362,0.183122,0.184316,27.690539,35.242226
settings_five,synthetic_batch_311.out,0.124352,5.249027,1.124468,0.136977,0.288326,0.237975,0.345949,0.205334,0.191599,25.107757,33.011764
settings_five,synthetic_batch_312.out,0.156235,5.130882,1.11191,0.129473,0.278533,0.233212,0.296193,0.199988,0.18867,25.526109,33.251205
settings_five,synthetic_batch_313.out,0.123926,4.605737,1.11308,0.138249,0.297187,0.232166,0.271329,0.236722,0.191948,26.268077,33.478421000000004
settings_five,synthetic_batch_314.out,0.123394,5.352423,1.118123,0.130274,0.298343,0.229808,0.258378,0.235048,0.220692,24.599407,32.565889999999996
settings_five,synthetic_batch_315.out,0.123783,4.912664,1.105474,0.130758,0.306109,0.233873,0.267174,0.173334,0.199756,25.836581,33.289506
settings_five,synthetic_batch_316.out,0.122477,4.328402,1.125769,0.13044,0.313445,0.231017,0.260142,0.174609,0.391975,25.165973,32.244249
settings_five,synthetic_batch_317.out,0.120996,5.070931,1.122379,0.131361,0.294475,0.23095,0.253051,0.193001,0.554569,31.775563,39.747276
settings_five,synthetic_batch_318.out,0.126712,4.743949,1.113372,0.133215,0.301337,0.231123,0.245152,0.177484,0.633218,25.680317,33.385879
settings_five,synthetic_batch_319.out,0.126809,4.705674,1.146439,0.132283,0.306158,0.232863,0.25382,0.204074,0.304854,22.341008,29.753981999999997
settings_five,synthetic_batch_320.out,0.121893,5.173361,1.136007,0.130105,0.27598,0.235733,0.250034,0.245606,0.190525,22.95573,30.714973999999998
settings_five,synthetic_batch_321.out,0.122113,4.500445,1.126136,0.131342,0.298855,0.231481,0.24404,0.201911,0.197081,22.380269,29.433673
settings_five,synthetic_batch_322.out,0.128017,4.784042,1.118154,0.133396,0.311621,0.234277,0.248845,0.253964,0.202411,22.782742,30.197468999999998
settings_five,synthetic_batch_323.out,0.120909,4.653422,1.122644,0.132085,0.25963,0.231718,0.243723,0.240526,0.204718,23.952059,31.161434
settings_five,synthetic_batch_324.out,0.12443,4.588001,1.108974,0.130862,,,,,,,5.952267000000001
settings_five,synthetic_batch_325.out,0.123745,5.355232,1.146481,0.134735,0.296307,0.246614,0.240347,0.185123,0.201871,22.512814,30.443269
settings_five,synthetic_batch_326.out,0.124098,4.617312,1.118372,0.135025,0.307734,0.237981,0.247357,0.272876,0.194057,24.638447,31.893259
settings_five,synthetic_batch_327.out,0.12968,4.28037,1.129874,0.132717,0.303316,0.232967,0.249028,0.277473,0.184063,24.605825,31.525312999999997
settings_five,synthetic_batch_328.out,0.125415,4.604873,1.147448,0.130233,0.308985,0.233412,0.241114,0.28448,0.185306,22.630523,29.891789000000003
settings_five,synthetic_batch_329.out,0.122003,4.626024,1.12873,0.130035,0.2924,0.234818,0.234483,0.229841,0.183628,22.176479,29.358441
settings_five,synthetic_batch_330.out,0.120035,5.390095,1.130901,0.130436,0.302814,0.232493,0.23192,0.205585,0.185814,23.552965,31.483058
settings_five,synthetic_batch_331.out,0.12024,5.525096,1.126281,0.140796,0.308856,0.234818,0.235124,0.186338,0.185124,24.375785,32.438458
settings_five,synthetic_batch_332.out,0.121112,5.407195,1.117853,0.130046,,,,,,,6.776206
settings_five,synthetic_batch_333.out,0.141157,4.735119,1.116434,0.134483,0.284825,0.232277,0.237625,0.207381,0.185787,23.208145,30.483233
settings_five,synthetic_batch_334.out,0.203356,6.085117,1.11437,0.135691,0.287111,0.238235,0.234196,0.151021,0.189567,23.60035,32.239014
settings_five,synthetic_batch_335.out,0.155394,6.440645,1.120628,0.130149,0.290395,0.232712,0.252759,0.214343,0.186867,23.481553,32.505445
settings_five,synthetic_batch_336.out,0.205591,4.388863,1.119409,0.130356,0.296875,0.231733,0.24234,0.16269,0.185479,22.755778,29.719113999999998
settings_five,synthetic_batch_337.out,0.129587,5.277701,1.115201,0.131349,0.313522,0.230655,0.235164,0.161551,0.184701,24.218979,31.99841
settings_five,synthetic_batch_338.out,0.132339,4.849524,1.126626,0.131663,0.292063,0.232272,0.234314,0.139033,0.185043,22.64032,29.963197
settings_five,synthetic_batch_339.out,0.125499,4.239858,1.120733,0.129839,0.299354,0.235972,0.236055,0.23277,0.195906,23.498235,30.314221
settings_five,synthetic_batch_340.out,0.130244,5.044265,1.123258,0.131481,0.278759,0.23563,0.289275,0.166528,0.185541,22.190779,29.77576
settings_five,synthetic_batch_341.out,0.123322,4.792311,1.146275,0.134936,0.28938,0.232685,0.275589,0.151498,0.181735,23.324283,30.652014
settings_five,synthetic_batch_342.out,0.121034,5.715793,1.13417,0.135266,0.292548,0.236609,0.259333,0.208055,0.181224,23.292413,31.576445
settings_five,synthetic_batch_343.out,0.133857,5.18037,1.113868,0.134273,0.299542,0.244599,0.270595,0.230967,0.194545,20.638835,28.441451
settings_five,synthetic_batch_344.out,0.120661,5.028894,1.130831,0.130453,0.278678,0.237979,0.292282,0.193629,0.18843,23.099932,30.701769
settings_five,synthetic_batch_345.out,0.124865,5.045191,1.124566,0.13093,0.305456,0.238812,0.274752,0.173481,0.193434,22.782605,30.394092
settings_five,synthetic_batch_346.out,0.125125,5.272746,1.138084,0.130981,0.312047,0.23157,0.256144,0.252273,0.189291,23.962529,31.87079
settings_five,synthetic_batch_347.out,0.123132,5.100208,1.115661,0.131858,0.313627,0.254093,0.251133,0.17289,0.186694,23.748065,31.397361
settings_five,synthetic_batch_348.out,0.132809,4.306831,1.11805,0.132321,0.303363,0.252064,0.261425,0.18269,0.186336,23.062845,29.938734
settings_five,synthetic_batch_349.out,0.126678,5.253282,1.117369,0.133631,0.290155,0.23653,0.273201,0.158472,0.192874,21.357824,29.140016000000003
settings_five,synthetic_batch_350.out,0.127684,5.13811,1.120204,0.131313,0.29701,0.23259,0.240493,0.203018,0.185359,23.498991,31.174772
settings_five,synthetic_batch_351.out,0.126646,6.367778,1.124235,0.130562,0.307782,0.236816,0.238609,0.215897,0.181839,23.310564,32.240728000000004
settings_five,synthetic_batch_352.out,0.133203,4.851606,1.124391,0.133601,0.294902,0.232987,0.239436,0.210705,0.191822,23.790506,31.203159
settings_five,synthetic_batch_353.out,0.129483,4.670029,1.125179,0.129703,0.34496,0.237654,0.241077,0.215357,0.202695,24.118079,31.414216000000003
settings_five,synthetic_batch_354.out,0.129002,4.602004,1.157429,0.131929,0.314175,0.235036,0.248903,0.217898,0.194644,23.011504,30.242524
settings_five,synthetic_batch_355.out,0.144967,5.391422,1.137514,0.131996,0.306393,0.233671,0.373226,0.283146,0.184253,23.165754,31.352342
settings_five,synthetic_batch_356.out,0.127691,4.751938,1.146517,0.130627,0.305515,0.228514,0.26591,0.275015,0.181584,23.581917,30.995228
settings_five,synthetic_batch_357.out,0.1271,4.834767,1.125998,0.137738,0.296743,0.236556,0.264276,0.246799,0.181661,22.533583,29.985221
settings_five,synthetic_batch_358.out,0.129738,5.351572,1.132394,0.132011,0.339186,0.337995,0.588981,0.211082,0.181142,24.617059,33.02116
settings_five,synthetic_batch_359.out,0.128642,5.11915,1.130802,0.131329,0.287679,0.239637,0.379821,0.142641,0.182449,23.469222,31.211371999999997
settings_five,synthetic_batch_360.out,0.125648,4.819392,1.115937,0.132576,0.286901,0.233746,0.280522,0.137098,0.186766,25.747542,33.066128
settings_five,synthetic_batch_361.out,0.147995,4.94842,1.120781,0.131452,0.285605,0.237881,0.238024,0.216508,0.185952,22.905316,30.417934
settings_five,synthetic_batch_362.out,0.127956,4.336236,1.114038,0.132177,0.338989,0.239121,0.230452,0.212476,0.18178,21.641526,28.554751
settings_five,synthetic_batch_363.out,0.124896,4.963112,1.120519,0.132718,0.276643,0.230318,0.230835,0.172491,0.181148,21.055353,28.488033
settings_five,synthetic_batch_364.out,0.129054,5.018328,1.122137,0.133272,,,,,,,6.402791000000001
settings_five,synthetic_batch_365.out,0.126576,4.56915,1.109977,0.134784,0.290641,0.232104,0.229798,0.201054,0.180088,23.63679,30.710962000000002
settings_five,synthetic_batch_366.out,0.125775,4.915323,1.112845,0.133849,0.291038,0.233786,0.23274,0.190939,0.190658,21.783214,29.210167
settings_five,synthetic_batch_367.out,0.132255,5.362556,1.143056,0.132486,0.31347,0.235558,0.231464,0.233535,0.182228,23.250254,31.216862000000003
settings_five,synthetic_batch_368.out,0.132944,4.417911,1.117245,0.134427,0.311713,0.236902,0.233543,0.257524,0.187049,22.393289,29.422547
settings_five,synthetic_batch_369.out,0.131777,4.775897,1.106014,0.13147,0.290709,0.246769,0.239462,0.175454,0.180898,22.241956,29.520405999999998
settings_five,synthetic_batch_370.out,0.127497,4.889467,1.113816,0.141702,0.286581,0.257893,0.276474,0.190096,0.267866,23.041328,30.59272
settings_five,synthetic_batch_371.out,0.128468,5.843144,1.104875,0.136751,0.338395,0.279023,0.241758,0.199801,0.191575,22.347807,30.811597
settings_five,synthetic_batch_372.out,0.127601,4.917325,1.11401,0.143689,0.318348,0.269922,0.22974,0.20135,0.185203,23.405107,30.912295
settings_five,synthetic_batch_373.out,0.126853,4.58157,1.123406,0.136291,0.304737,0.268224,0.232357,0.279035,0.183169,23.208242,30.443883999999997
settings_five,synthetic_batch_374.out,0.126403,4.921286,1.122262,0.138168,0.310135,0.229659,0.234499,0.20573,0.182859,25.763157,33.234158
settings_five,synthetic_batch_375.out,0.13312,5.124029,1.119966,0.13603,0.356518,0.234869,0.237952,0.218552,0.181605,24.278792,32.021433
settings_five,synthetic_batch_376.out,0.126289,4.275424,1.156768,0.130033,0.36017,0.231503,0.237891,0.167918,0.183073,21.252011,28.12108
settings_five,synthetic_batch_377.out,0.12595,4.548158,1.118644,0.129961,0.35281,0.243229,0.242255,0.20126,0.186583,24.640128,31.788978
settings_five,synthetic_batch_378.out,0.123008,4.610042,1.152163,0.132526,0.349868,0.276303,0.230936,0.201448,0.183639,23.625688,30.885621
settings_five,synthetic_batch_379.out,0.135156,4.492029,1.126338,0.145685,0.333012,0.253765,0.255925,0.236883,0.180977,22.780797,29.940567
settings_five,synthetic_batch_380.out,0.126445,5.256556,1.109478,0.144812,0.366365,0.230169,0.23444,0.254868,0.194125,23.978714,31.895972
settings_five,synthetic_batch_381.out,0.121094,4.191283,1.120579,0.133687,0.301017,0.236323,0.250994,0.204989,0.196312,23.83281,30.589088
settings_five,synthetic_batch_382.out,0.120229,4.365369,1.128447,0.130987,0.29483,0.238852,0.263029,0.1941,0.187553,23.350848,30.274244
settings_five,synthetic_batch_383.out,0.125807,4.343733,1.12007,0.131889,0.285242,0.234081,0.234138,0.225882,0.186848,22.027627,28.915316999999998
settings_five,synthetic_batch_384.out,0.124877,5.858448,1.128943,0.131844,0.287898,0.23079,0.227228,0.272474,0.182292,22.658249,31.103043
settings_five,synthetic_batch_385.out,0.120902,4.705473,1.115184,0.130806,0.275672,0.236647,0.272871,0.178536,0.185473,23.786476,31.00804
settings_five,synthetic_batch_386.out,0.119592,4.941394,1.122223,0.13245,0.312232,0.2312,0.274399,0.231689,0.18311,22.688065,30.236354000000002
settings_five,synthetic_batch_387.out,0.119732,5.163649,1.144124,0.130632,0.314252,0.236676,0.265653,0.218354,0.185983,23.84069,31.619744999999998
settings_five,synthetic_batch_388.out,0.122085,5.265744,1.152177,0.13017,0.29829,0.235129,0.250886,0.168781,0.184706,24.575792,32.38376
settings_five,synthetic_batch_389.out,0.121447,5.010412,1.148327,0.130528,0.369235,0.233394,0.231596,0.196677,0.186457,23.467565,31.095638
settings_five,synthetic_batch_390.out,0.122548,5.274193,1.119298,0.132152,0.38183,0.234891,0.22877,0.268208,0.183971,24.779642,32.725503
settings_five,synthetic_batch_391.out,0.121498,5.022227,1.119018,0.132172,0.309776,0.237872,0.26873,0.189949,0.181753,24.311253,31.894248
settings_five,synthetic_batch_392.out,0.119969,4.526755,1.13256,0.131956,0.337284,0.237372,0.319035,0.164149,0.183601,25.582884,32.735565
settings_five,synthetic_batch_393.out,0.120335,4.836083,1.125464,0.135197,0.322595,0.235637,0.318743,0.169308,0.189629,22.982161,30.435152000000002
settings_five,synthetic_batch_394.out,0.12526,4.85468,1.119847,0.130449,0.336405,0.232911,0.233853,0.181262,0.183223,24.012012,31.409902
settings_five,synthetic_batch_395.out,0.131957,4.824269,1.119615,0.13521,0.352826,0.232586,0.252379,0.168644,0.190125,21.941521,29.349132
settings_five,synthetic_batch_396.out,0.126384,4.941048,1.138209,0.134392,0.275354,0.23225,0.234272,0.196206,0.182331,22.669713,30.130159
settings_five,synthetic_batch_397.out,0.12712,4.518085,1.136535,0.13039,0.261442,0.23122,0.230104,0.272459,0.180087,24.362653,31.450095
settings_five,synthetic_batch_398.out,0.128006,4.43132,1.129364,0.130511,0.304372,0.239698,0.241545,0.233647,0.18691,22.646805,29.672178000000002
settings_five,synthetic_batch_399.out,0.128631,5.276089,1.125249,0.133157,0.298859,0.231225,0.242371,0.218747,0.180853,23.018041,30.853222000000002
settings_five,synthetic_batch_400.out,0.126567,4.742227,1.144693,0.132274,0.29017,0.25079,0.237149,0.198376,0.182509,25.37445,32.679204999999996
settings_five,synthetic_batch_401.out,0.129014,5.344626,1.123925,0.132239,0.292076,0.233342,0.230625,0.186949,0.182752,24.336087,32.191635
settings_five,synthetic_batch_402.out,0.128579,5.279232,1.117301,0.134639,,,,,,,6.659751000000001
settings_five,synthetic_batch_403.out,0.13377,4.723552,1.128783,0.138842,0.313057,0.233474,0.250977,0.190234,0.185374,24.212436,31.510499
settings_five,synthetic_batch_404.out,0.125175,4.970099,1.119635,0.134397,0.298083,0.233872,0.267904,0.21591,0.182096,21.993612,29.540782999999998
settings_five,synthetic_batch_405.out,0.1292,5.287018,1.122464,0.132161,0.315672,0.233463,0.247822,0.235255,0.183766,24.385453,32.272273999999996
settings_five,synthetic_batch_406.out,0.132034,4.404351,1.131605,0.131483,0.300161,0.229216,0.229332,0.255181,0.183226,25.32295,32.319539
settings_five,synthetic_batch_407.out,0.125278,5.919333,1.16311,0.130794,0.330225,0.230831,0.235898,0.210399,0.18466,23.0017,31.532227999999996
settings_five,synthetic_batch_408.out,0.128455,4.91512,1.128785,0.130821,0.291414,0.230861,0.231492,0.209227,0.181318,24.36213,31.809623000000002
settings_five,synthetic_batch_409.out,0.120597,5.156904,1.116108,0.13119,0.288188,0.23208,0.231966,0.249849,0.197887,24.154821,31.879589999999997
settings_five,synthetic_batch_410.out,0.12529,4.939604,1.113876,0.135852,0.294616,0.238693,0.229069,0.206535,0.187765,23.400122,30.871422
settings_five,synthetic_batch_411.out,0.128353,5.027072,1.151888,0.132373,0.326615,0.245562,0.24146,0.195167,0.18644,22.031345,29.666275000000002
settings_five,synthetic_batch_412.out,0.125316,5.390689,1.127029,0.135645,0.298725,0.249136,0.254288,0.162623,0.182974,21.803004,29.729429000000003
settings_five,synthetic_batch_413.out,0.121086,6.022643,1.123112,0.129558,0.293385,0.233133,0.246753,0.220095,0.185217,22.932397,31.507379
settings_five,synthetic_batch_414.out,0.121817,5.029399,1.130573,0.129755,0.289262,0.244966,0.259307,0.17789,0.184182,24.408621,31.975772
settings_five,synthetic_batch_415.out,0.121874,4.776533,1.13819,0.131283,0.290151,0.242016,0.232299,0.203484,0.184534,22.645673,29.966037
settings_five,synthetic_batch_416.out,0.126011,5.432529,1.124599,0.131461,0.275503,0.231896,0.228193,0.225715,0.184931,24.393734,32.354572
settings_five,synthetic_batch_417.out,0.132506,4.345366,1.131741,0.131383,0.303327,0.231967,0.229301,0.226953,0.184803,23.104512,30.021859
settings_five,synthetic_batch_418.out,0.136859,4.711661,1.139263,0.133277,0.286912,0.233262,0.317773,0.277698,0.18224,23.122868,30.541813
settings_five,synthetic_batch_419.out,0.127808,5.205766,1.129519,0.134083,0.266532,0.232334,0.238322,0.260755,0.185904,24.58151,32.362533
settings_five,synthetic_batch_420.out,0.130934,5.118389,1.131537,0.134024,0.288328,0.230707,0.238665,0.163451,0.183492,23.666656,31.286183
settings_five,synthetic_batch_421.out,0.128046,4.917028,1.129587,0.134168,0.316782,0.237208,0.231833,0.208554,0.189619,24.690295,32.18312
settings_five,synthetic_batch_422.out,0.127896,4.847939,1.155705,0.133967,0.349698,0.232498,0.234907,0.175743,0.190193,24.000182,31.448728
settings_five,synthetic_batch_423.out,0.128144,5.385898,1.116115,0.133853,0.292932,0.229755,0.235212,0.228832,0.188903,22.464716,30.404359999999997
settings_five,synthetic_batch_424.out,0.128102,4.939163,1.113123,0.132276,0.310564,0.230413,0.23744,0.200615,0.183387,24.421038,31.896121
settings_five,synthetic_batch_425.out,0.127474,4.771406,1.133572,0.132005,0.320705,0.233117,0.230498,0.222158,0.183339,23.501219,30.855493
settings_five,synthetic_batch_426.out,0.142795,5.131402,1.124367,0.134163,0.293742,0.233457,0.240871,0.183712,0.190379,24.569335,32.244223
settings_five,synthetic_batch_427.out,0.147522,4.49274,1.123647,0.130469,0.305497,0.239001,0.22969,0.1879,0.188933,22.539016,29.584415
settings_five,synthetic_batch_428.out,0.129763,4.670728,1.157771,0.130217,0.27637,0.23429,0.235604,0.275445,0.18758,24.416898,31.714666
settings_five,synthetic_batch_429.out,0.125557,4.757693,1.1237,0.129682,0.283738,0.231381,0.231408,0.239425,0.183393,24.14867,31.454646999999998
settings_five,synthetic_batch_430.out,0.133137,4.287677,1.115362,0.13057,0.298585,0.232632,0.230054,0.182037,0.182916,23.90477,30.69774
settings_five,synthetic_batch_431.out,0.128911,4.497741,1.122303,0.132577,0.280862,0.231478,0.235798,0.177654,0.184987,23.649997,30.642308
settings_five,synthetic_batch_432.out,0.142085,4.760751,1.143682,0.133578,0.293855,0.232417,0.256849,0.213632,0.181317,24.370365,31.728531
settings_five,synthetic_batch_433.out,0.127043,4.952305,1.207098,0.13373,0.292084,0.240138,0.266054,0.223926,0.186248,24.283402,31.912028
settings_five,synthetic_batch_434.out,0.128684,5.02174,1.230468,0.131757,0.288577,0.234345,0.256142,0.253346,0.186315,23.036439,30.767813000000004
settings_five,synthetic_batch_435.out,0.126,4.730461,1.913658,0.131081,0.295977,0.237395,0.234102,0.17956,0.190938,22.95101,30.990181999999997
settings_five,synthetic_batch_436.out,0.138384,6.051197,1.161704,0.131321,0.284253,0.255386,0.22912,0.205832,0.182822,25.666227,34.306246
settings_five,synthetic_batch_437.out,0.125733,4.967092,1.143515,0.130759,0.298209,0.238588,0.242136,0.169734,0.18584,22.843973,30.345578999999997
settings_five,synthetic_batch_438.out,0.126731,4.93464,1.236453,0.129853,0.249132,0.234839,0.241108,0.152498,0.19479,21.556965,29.057009
settings_five,synthetic_batch_439.out,0.125795,5.086027,1.133282,0.130581,0.339514,0.237979,0.230627,0.185606,0.183677,24.373265,32.026353
settings_five,synthetic_batch_440.out,0.123147,5.010837,1.118214,0.130839,0.298837,0.232424,0.234074,0.233571,0.183137,21.242801,28.807881000000002
settings_five,synthetic_batch_441.out,0.123588,4.416804,1.141428,0.130201,0.314612,0.233304,0.244522,0.226851,0.186781,22.860879,29.878970000000002
settings_five,synthetic_batch_442.out,0.13128,4.789957,1.422519,0.131923,0.31249,0.232162,0.232228,0.199956,0.180647,23.003364,30.636526000000003
settings_five,synthetic_batch_443.out,0.124251,5.21165,1.131659,0.131125,0.262893,0.237012,0.233668,0.213867,0.185793,21.689369,29.421287
settings_five,synthetic_batch_444.out,0.124299,4.22667,1.146347,0.132934,0.282392,0.236387,0.233064,0.158328,0.182279,23.480486,30.203186
settings_five,synthetic_batch_445.out,0.122419,4.929476,1.198501,0.131151,0.306883,0.232158,0.242478,0.220173,0.183937,23.142189,30.709365
settings_five,synthetic_batch_446.out,0.120513,4.996708,1.127669,0.130641,0.289471,0.235009,0.231792,0.259147,0.182202,22.207262,29.780414
settings_five,synthetic_batch_447.out,0.121278,4.757143,2.289723,0.129953,0.285627,0.233417,0.233595,0.205876,0.18569,25.172735,33.615037
settings_five,synthetic_batch_448.out,0.122634,5.003259,1.955221,0.135823,,,,,,,7.216937
settings_five,synthetic_batch_449.out,0.1237,4.887293,2.031638,0.135007,0.300962,0.234898,0.235,0.173118,0.18198,22.740081,31.043677
settings_five,synthetic_batch_450.out,0.122415,5.202501,2.067016,0.131235,0.277998,0.23561,0.244788,0.195072,0.186135,25.51044,34.17321
settings_five,synthetic_batch_451.out,0.125984,5.276427,1.268654,0.13242,0.274513,0.237106,0.266259,0.171532,0.183285,23.986013,31.922193
settings_five,synthetic_batch_452.out,0.12154,5.43199,1.219375,0.130378,0.281087,0.245553,0.242604,0.192029,0.181994,24.331568,32.378118
settings_five,synthetic_batch_453.out,0.122098,4.85841,1.360691,0.13131,0.278161,0.232955,0.262751,0.2675,0.180979,25.885012,33.579867
settings_five,synthetic_batch_454.out,0.12108,4.842115,1.357028,0.134317,0.311813,0.231991,0.262828,0.237948,0.183928,23.602717,31.285764999999998
settings_five,synthetic_batch_455.out,0.120678,4.634423,1.23954,0.130568,0.298058,0.233647,0.259837,0.183591,0.185781,23.657067,30.94319
settings_five,synthetic_batch_456.out,0.121956,5.13607,1.166235,0.136776,0.276952,0.232912,0.236859,0.159736,0.18278,21.181311,28.831587
settings_five,synthetic_batch_457.out,0.121619,5.333902,1.129564,0.130771,0.290614,0.239713,0.239368,0.208865,0.186434,22.07324,29.95409
settings_five,synthetic_batch_458.out,0.12124,4.457969,1.119361,0.131826,0.297395,0.232608,0.259529,0.169753,0.18421,21.409909,28.3838
settings_five,synthetic_batch_459.out,0.121543,4.593998,1.181212,0.1369,0.296738,0.242532,0.251332,0.172097,0.227499,22.54061,29.764461
settings_five,synthetic_batch_460.out,0.121081,5.022125,1.135515,0.132589,0.307074,0.239864,0.239671,0.204005,0.186736,25.709675,33.298335
settings_five,synthetic_batch_461.out,0.122113,5.131126,1.176894,0.131205,0.304956,0.233867,0.261495,0.168637,0.184846,21.963811,29.67895
settings_five,synthetic_batch_462.out,0.120946,4.236677,1.150409,0.131689,0.307336,0.234365,0.2461,0.213127,0.186742,23.5134,30.340791
settings_five,synthetic_batch_463.out,0.121429,4.521255,1.11857,0.131358,0.354089,0.234225,0.232587,0.16777,0.182441,22.292892,29.356616
settings_five,synthetic_batch_464.out,0.12141,4.600258,1.109872,0.132278,0.322716,0.236787,0.269717,0.252374,0.184297,22.217764,29.447473
settings_five,synthetic_batch_465.out,0.121231,5.161323,1.130544,0.134026,0.278356,0.234187,0.288473,0.207703,0.189745,23.651902,31.39749
settings_five,synthetic_batch_466.out,0.122799,5.431811,1.124778,0.132152,0.291358,0.235736,0.259159,0.211476,0.188288,24.481619,32.479175999999995
settings_five,synthetic_batch_467.out,0.128731,5.179386,1.143742,0.130748,0.2673,0.231165,0.267091,0.181101,0.187515,22.328523,30.045302
settings_five,synthetic_batch_468.out,0.124064,4.446139,1.189065,0.133296,0.303921,0.23409,0.236762,0.211133,0.185985,23.611926,30.676381
settings_five,synthetic_batch_469.out,0.122706,4.706861,1.139883,0.131027,0.303097,0.242715,0.265401,0.166233,0.18545,22.428754,29.692127
settings_five,synthetic_batch_470.out,0.123004,4.837999,1.153379,0.131643,0.273927,0.233556,0.253706,0.203571,0.182509,23.421775,30.815069
settings_five,synthetic_batch_471.out,0.120857,4.978154,1.132555,0.130698,0.297617,0.239252,0.23793,0.21862,0.18732,23.501202,31.044204999999998
settings_five,synthetic_batch_472.out,0.121579,4.957475,1.441738,0.135419,0.28039,0.236743,0.234977,0.21496,0.185078,23.565235,31.373594
settings_five,synthetic_batch_473.out,0.119924,4.744801,1.116924,0.131447,0.238223,0.232788,0.235023,0.201193,0.181255,22.948074,30.149652
settings_five,synthetic_batch_474.out,0.120777,5.440657,1.301001,0.130751,0.323893,0.234828,0.236389,0.184113,0.189951,25.132171,33.294531
settings_five,synthetic_batch_475.out,0.138282,4.951958,1.197286,0.131075,0.311029,0.233639,0.236449,0.241925,0.184015,23.982882,31.60854
settings_five,synthetic_batch_476.out,0.127541,5.465981,1.179932,0.13435,0.298839,0.23778,0.238783,0.202115,0.187534,24.096712,32.169567
settings_five,synthetic_batch_477.out,0.122763,5.460374,1.147904,0.133713,0.294687,0.235537,0.244243,0.142617,0.188143,21.067097,29.037078
settings_five,synthetic_batch_478.out,0.122189,3.896123,1.310448,0.130503,0.303996,0.23139,0.238696,0.304925,0.185788,24.411612,31.13567
settings_five,synthetic_batch_479.out,0.120964,4.749593,1.267607,0.134872,0.320081,0.233083,0.236581,0.2144,0.18283,23.378578,30.838589
settings_five,synthetic_batch_480.out,0.122675,5.320958,1.242589,0.129837,0.307777,0.2397,0.231777,0.156845,0.181997,20.447772,28.381927
settings_five,synthetic_batch_481.out,0.126788,4.761187,1.173622,0.129607,0.283788,0.238945,0.236717,0.171878,0.183237,24.117994,31.423763
settings_five,synthetic_batch_482.out,0.121895,6.553459,1.124307,0.130595,0.2872,0.230304,0.234509,0.169193,0.186899,21.186744,30.225105
settings_five,synthetic_batch_483.out,0.120436,5.330427,1.127258,0.1316,0.293196,0.230992,0.233464,0.135191,0.188269,22.541123,30.331955999999998
settings_five,synthetic_batch_484.out,0.122217,5.248186,1.158743,0.133078,0.286135,0.231398,0.241979,0.183407,0.190679,23.342477,31.138299
settings_five,synthetic_batch_485.out,0.120537,5.397316,1.407126,0.129753,0.320945,0.234161,0.254849,0.177676,0.182758,23.495304,31.720425
settings_five,synthetic_batch_486.out,0.120129,4.817265,1.158067,0.13014,0.287472,0.235622,0.230216,0.282426,0.182175,23.295605,30.739117
settings_five,synthetic_batch_487.out,0.136722,5.333493,1.118901,0.131386,0.284332,0.240199,0.228729,0.181044,0.181136,24.861281,32.697223
settings_five,synthetic_batch_488.out,0.121539,5.826117,1.109245,0.132876,0.276031,0.234213,0.236573,0.162565,0.186139,22.719635,31.004933
settings_five,synthetic_batch_489.out,0.121874,4.83998,1.106006,0.130937,0.285429,0.231855,0.236076,0.187743,0.181776,23.074779,30.396455
settings_five,synthetic_batch_490.out,0.119853,4.801276,1.645523,0.1309,0.290826,0.232534,0.230351,0.147837,0.183726,23.181126,30.963952
settings_five,synthetic_batch_491.out,0.120872,3.993898,1.284834,0.133486,0.291566,0.233707,0.232094,0.140871,0.189334,22.993055,29.613716999999998
settings_five,synthetic_batch_492.out,0.124218,4.781691,1.116486,0.140876,,,,,,,6.163271
settings_five,synthetic_batch_493.out,0.122659,4.58233,1.106486,0.13119,0.286634,0.234122,0.233104,0.13967,0.183376,24.070257,31.089828
settings_five,synthetic_batch_494.out,0.122916,5.218257,1.133384,0.129626,0.313907,0.241163,0.232033,0.194319,0.184258,23.009273,30.779136
settings_five,synthetic_batch_495.out,0.124562,5.061035,1.125309,0.131084,0.295325,0.239516,0.238969,0.181338,0.191685,22.304912,29.893735000000003
settings_five,synthetic_batch_496.out,0.124895,4.727028,1.105866,0.132716,0.335431,0.234263,0.231375,0.215576,0.183585,21.846059,29.136794000000002
settings_five,synthetic_batch_497.out,0.121875,4.377276,1.159674,0.131016,0.306131,0.232406,0.229241,0.312945,0.181946,23.37624,30.42875
settings_five,synthetic_batch_498.out,0.12044,4.60722,1.145079,0.131598,0.300804,0.233289,0.228884,0.288137,0.178823,24.687824,31.922098
settings_five,synthetic_batch_499.out,0.120653,4.697517,1.110585,0.136574,0.284357,0.231718,0.235377,0.167544,0.184353,21.734809,28.903487
settings_five,synthetic_batch_500.out,0.120891,5.980669,1.127841,0.135383,0.296589,0.239473,0.232544,0.275093,0.188771,25.753534,34.350787999999994
settings_five,synthetic_batch_501.out,0.123381,5.160108,1.126874,0.131032,0.311927,0.23349,0.229899,0.166003,0.182379,22.413177,30.078270000000003
settings_five,synthetic_batch_502.out,0.12121,4.687531,1.138899,0.130964,0.297595,0.234612,0.230801,0.271133,0.182031,23.636793,30.931569
settings_five,synthetic_batch_503.out,0.120475,4.864954,1.129843,0.130428,0.283683,0.24635,0.235412,0.164141,0.183969,25.496716,32.855971
settings_five,synthetic_batch_504.out,0.121277,5.041951,1.13618,0.132081,0.289143,0.247079,0.231266,0.184636,0.182113,23.351574,30.9173
settings_five,synthetic_batch_505.out,0.121123,5.023088,1.120062,0.130934,0.272894,0.235245,0.230572,0.275448,0.214653,25.115319,32.739338000000004
settings_five,synthetic_batch_506.out,0.121189,5.224504,1.158345,0.130413,0.31264,0.23377,0.229834,0.205776,0.18201,24.422251,32.220732
settings_five,synthetic_batch_507.out,0.123216,4.878091,1.117174,0.131916,0.307571,0.239385,0.23566,0.217566,0.182622,24.038193,31.471394
settings_five,synthetic_batch_508.out,0.126984,4.399396,1.133376,0.12958,0.29346,0.232555,0.23447,0.248468,0.187506,28.697929,35.683724
settings_five,synthetic_batch_509.out,0.122663,5.202963,1.119076,0.129918,0.307698,0.231488,0.231495,0.174605,0.184642,22.885101,30.589648999999998
settings_five,synthetic_batch_510.out,0.121433,4.865247,1.125527,0.133866,0.296139,0.232472,0.229957,0.190648,0.185092,24.164368,31.544749
settings_five,synthetic_batch_511.out,0.121025,5.387469,1.110194,0.130164,0.281602,0.233401,0.242965,0.190756,0.18642,22.998766,30.882762
settings_five,synthetic_batch_512.out,0.120876,5.243499,1.132583,0.132474,0.277224,0.2363,0.234478,0.156841,0.183526,26.459832,34.177633
settings_five,synthetic_batch_513.out,0.120051,4.963081,1.105559,0.133877,0.30762,0.232044,0.24121,0.175935,0.191689,22.295594,29.76666
settings_five,synthetic_batch_514.out,0.121001,4.858266,1.127332,0.132517,0.295347,0.240207,0.268086,0.206437,0.208731,22.452556,29.91048
settings_five,synthetic_batch_515.out,0.121567,5.146243,1.109132,0.13318,0.324369,0.235201,0.257855,0.223987,0.192627,25.152441,32.896602
settings_five,synthetic_batch_516.out,0.126133,5.177713,1.10927,0.131242,0.301933,0.233292,0.25996,0.18323,0.195097,24.413187,32.131057
settings_five,synthetic_batch_517.out,0.123008,4.996149,1.132655,0.130457,0.294476,0.232335,0.248461,0.179172,0.195137,22.788924,30.320774
settings_five,synthetic_batch_518.out,0.121187,4.585016,1.111,0.130781,0.293818,0.234923,0.235665,0.186806,0.202964,23.158578,30.260737999999996
settings_five,synthetic_batch_519.out,0.122089,4.617695,1.137334,0.129988,0.286875,0.234201,0.232965,0.164837,0.183827,23.43172,30.541531
settings_five,synthetic_batch_520.out,0.121771,5.195112,1.118558,0.132243,0.294125,0.234822,0.235432,0.197137,0.186248,23.138135,30.853582999999997
settings_five,synthetic_batch_521.out,0.121481,4.808198,1.139318,0.130818,0.274424,0.247448,0.230954,0.186982,0.188875,23.588736,30.917234
settings_five,synthetic_batch_522.out,0.125098,4.615613,1.125221,0.130768,0.312462,0.233232,0.234858,0.256245,0.184704,23.146863,30.365064
settings_five,synthetic_batch_523.out,0.127789,5.808113,1.1163,0.134207,0.287911,0.234396,0.231187,0.261262,0.216984,23.459102,31.877251
settings_five,synthetic_batch_524.out,0.122429,5.85652,1.11602,0.133567,0.276292,0.232218,0.239994,0.185409,0.192595,22.392335,30.747379000000002
settings_five,synthetic_batch_525.out,0.120133,4.970201,1.119253,0.13457,0.268977,0.238031,0.25075,0.187572,0.18549,22.084633,29.55961
settings_five,synthetic_batch_526.out,0.120033,5.213624,1.126368,0.133919,0.294699,0.239343,0.230106,0.210106,0.185531,23.747499,31.501228
settings_five,synthetic_batch_527.out,0.120361,6.314875,1.117518,0.130126,0.296336,0.236831,0.230198,0.192106,0.181644,21.948415,30.768410000000003
settings_five,synthetic_batch_528.out,0.11982,4.824404,1.117187,0.130941,0.309119,0.245994,0.233115,0.168192,0.18146,23.607642,30.937873999999997
settings_five,synthetic_batch_529.out,0.120452,5.167302,1.111221,0.130428,0.289124,0.234493,0.231132,0.129985,0.182276,23.261272,30.857685000000004
settings_five,synthetic_batch_530.out,0.120737,5.029862,1.134399,0.130658,0.314011,0.235051,0.236757,0.287396,0.180331,21.777874,29.447076
settings_five,synthetic_batch_531.out,0.122182,4.7455,1.121857,0.130737,0.283592,0.231501,0.231243,0.27432,0.183429,24.733423,32.057784
settings_five,synthetic_batch_532.out,0.122161,4.742116,1.120739,0.131707,0.29458,0.232722,0.23621,0.218435,0.185504,23.754931,31.039105
settings_five,synthetic_batch_533.out,0.132309,5.374403,1.137036,0.131197,0.312224,0.232929,0.243303,0.181708,0.186188,23.807066,31.738363
settings_five,synthetic_batch_534.out,0.120984,4.276607,1.141684,0.13212,0.304346,0.230902,0.23777,0.22465,0.181074,22.086636,28.936773
settings_five,synthetic_batch_535.out,0.120533,5.367898,1.11858,0.130697,0.29856,0.239238,0.237436,0.189205,0.180624,23.005936,30.888706999999997
settings_five,synthetic_batch_536.out,0.12906,5.356041,1.117339,0.130286,0.300793,0.235,0.234762,0.260065,0.183163,23.678656,31.625165000000003
settings_five,synthetic_batch_537.out,0.125291,4.654728,1.133802,0.131184,0.309483,0.233166,0.234987,0.193105,0.189416,22.03074,29.235902000000003
settings_five,synthetic_batch_538.out,0.120537,4.883274,1.13033,0.13489,0.299937,0.234244,0.233226,0.213182,0.183529,25.201601,32.63475
settings_five,synthetic_batch_539.out,0.122568,5.025471,1.119703,0.136257,0.294584,0.233871,0.23654,0.271914,0.19718,22.729591,30.367679
settings_five,synthetic_batch_540.out,0.130174,4.460864,1.119921,0.136349,0.30665,0.250084,0.22906,0.173211,0.220199,24.655809,31.682321
settings_five,synthetic_batch_541.out,0.154731,4.929735,1.112467,0.130511,0.291334,0.235356,0.236555,0.203757,0.193634,21.536528,29.024608
settings_five,synthetic_batch_542.out,0.126246,4.980893,1.107405,0.129918,0.295451,0.242497,0.253593,0.153787,0.193523,23.048339,30.531651999999998
settings_five,synthetic_batch_543.out,0.273063,4.959634,1.116111,0.131862,0.286267,0.238217,0.258718,0.155848,0.205173,24.067688,31.692581
settings_five,synthetic_batch_544.out,0.127982,5.311821,1.131818,0.13067,0.325042,0.235648,0.231858,0.198586,0.190928,24.101407,31.98576
settings_five,synthetic_batch_545.out,0.125488,4.937006,1.152064,0.130021,0.28425,0.237259,0.238228,0.216766,0.204252,23.901369,31.426703
settings_five,synthetic_batch_546.out,0.132383,4.92119,1.117594,0.129063,0.30912,0.232944,0.232447,0.193976,0.239551,21.591337,29.099604999999997
settings_five,synthetic_batch_547.out,0.141078,5.093099,1.13081,0.129884,0.307638,0.231252,0.237558,0.19714,0.196105,23.926449,31.591013000000004
settings_five,synthetic_batch_548.out,0.135764,5.245861,1.129793,0.13123,0.303989,0.236147,0.259721,0.285802,0.184231,21.058395,28.970933
settings_five,synthetic_batch_549.out,0.134359,5.542145,1.153306,0.129274,0.309426,0.237552,0.244403,0.168514,0.188004,24.664248,32.771231
settings_five,synthetic_batch_550.out,0.133637,4.834548,1.117248,0.130405,0.313525,0.239743,0.230764,0.202949,0.184279,22.885008,30.272106
settings_five,synthetic_batch_551.out,0.12665,4.917357,1.122362,0.131498,0.286584,0.233428,0.229463,0.16271,0.18777,23.604854,31.002676
settings_five,synthetic_batch_552.out,0.122099,4.235469,1.13591,0.136989,0.304791,0.233941,0.234439,0.206437,0.185466,23.082569,29.87811
settings_five,synthetic_batch_553.out,0.123626,5.370025,1.11155,0.133134,0.277969,0.237027,0.237342,0.181749,0.18569,21.482112,29.340224
settings_five,synthetic_batch_554.out,0.133541,4.800976,1.118452,0.131911,0.311918,0.235467,0.233162,0.212501,0.183132,29.209541,36.570601
settings_five,synthetic_batch_555.out,0.131005,5.001938,1.11309,0.130235,0.315559,0.234665,0.230961,0.228721,0.190999,23.604491,31.181663999999998
settings_five,synthetic_batch_556.out,0.120875,4.436092,1.143064,0.130539,0.283449,0.231622,0.231187,0.278492,0.204729,24.420741,31.48079
settings_five,synthetic_batch_557.out,0.121625,4.819145,1.127394,0.130752,0.257959,0.239094,0.232154,0.190162,0.202198,23.511354,30.831837
settings_five,synthetic_batch_558.out,0.125676,5.665726,1.150157,0.130108,0.283857,0.23241,0.233981,0.210818,0.222883,23.145043,31.400659
settings_five,synthetic_batch_559.out,0.130762,4.759855,1.137578,0.131676,0.285202,0.23173,0.230047,0.207278,0.195382,24.379151,31.688661
settings_five,synthetic_batch_560.out,0.127001,5.495591,1.124976,0.132022,0.286793,0.232445,0.229647,0.208556,0.186603,23.038937,31.062571000000002
settings_five,synthetic_batch_561.out,0.124485,4.732195,1.13153,0.130025,0.296179,0.233727,0.235692,0.19892,0.189547,25.343921,32.616221
settings_five,synthetic_batch_562.out,0.130706,4.404682,1.116704,0.131757,0.289504,0.235359,0.229629,0.17544,0.189534,24.405631,31.308946
settings_five,synthetic_batch_563.out,0.129269,4.575336,1.145944,0.134361,0.291452,0.23266,0.229245,0.205508,0.202798,21.90855,29.055123000000002
settings_five,synthetic_batch_564.out,0.124559,5.027912,1.119936,0.130796,0.326265,0.234783,0.230829,0.152733,0.185699,22.385182,29.918694
settings_five,synthetic_batch_565.out,0.121484,4.817737,1.108658,0.134123,0.313726,0.2385,0.228284,0.229022,0.184329,24.003961,31.379824
settings_five,synthetic_batch_566.out,0.120514,4.680178,1.117479,0.13699,0.305466,0.233682,0.234418,0.272718,0.190346,23.968332,31.260123
settings_five,synthetic_batch_567.out,0.128875,4.506591,1.150904,0.131217,0.298678,0.231985,0.232759,0.149007,0.191026,22.828318,29.84936
settings_five,synthetic_batch_568.out,0.127079,4.823583,1.139356,0.131524,0.305144,0.230786,0.228713,0.172045,0.183865,22.348996,29.691091
settings_five,synthetic_batch_569.out,0.126507,5.772341,1.115178,0.129737,0.289498,0.23347,0.228568,0.207339,0.185231,23.028913,31.316781999999996
settings_five,synthetic_batch_570.out,0.129744,4.502243,1.121557,0.130331,0.289082,0.244628,0.230979,0.164668,0.186187,22.113989,29.113408
settings_five,synthetic_batch_571.out,0.128736,5.260744,1.137107,0.134312,0.232989,0.234849,0.241251,0.269981,0.183283,22.654868,30.47812
settings_five,synthetic_batch_572.out,0.127302,5.627283,1.139268,0.13024,0.303659,0.242203,0.231387,0.212288,0.184943,23.367089,31.565662000000003
settings_five,synthetic_batch_573.out,0.129326,5.335389,1.118319,0.131196,0.297981,0.234227,0.22906,0.206907,0.189525,20.752136,28.624066
settings_five,synthetic_batch_574.out,0.128849,4.665487,1.119409,0.13048,0.285177,0.232785,0.229556,0.270459,0.184781,22.503362,29.750345
settings_five,synthetic_batch_575.out,0.1197,5.663063,1.116487,0.130584,0.275212,0.23499,0.233754,0.182922,0.196728,23.079658,31.233098
settings_five,synthetic_batch_576.out,0.118504,5.285264,1.12007,0.131038,0.2777,0.233046,0.239517,0.191037,0.184366,24.397881,32.178423
settings_five,synthetic_batch_577.out,0.12038,6.292417,1.117048,0.130736,0.285991,0.23156,0.233542,0.198999,0.183843,23.530142,32.324658
settings_five,synthetic_batch_578.out,0.119449,4.511425,1.151012,0.137484,0.281643,0.237295,0.234177,0.265623,0.184632,23.67512,30.79786
settings_five,synthetic_batch_579.out,0.126294,5.007851,1.117049,0.137504,0.309719,0.24317,0.23082,0.144421,0.20025,25.254499,32.771577
settings_five,synthetic_batch_580.out,0.118694,4.833824,1.124518,0.131403,0.280163,0.235718,0.233146,0.282687,0.209781,25.396478,32.846412
settings_five,synthetic_batch_581.out,0.126094,4.63228,1.117471,0.129912,0.287524,0.234978,0.231937,0.216126,0.195911,22.912922,30.085154999999997
settings_five,synthetic_batch_582.out,0.121581,5.352039,1.120919,0.131581,0.309278,0.23351,0.235605,0.167875,0.302339,25.754786,33.729513
settings_five,synthetic_batch_583.out,0.120259,4.819017,1.126034,0.131424,0.290817,0.231107,0.236696,0.225666,0.21776,23.686397,31.085176999999998
settings_five,synthetic_batch_584.out,0.119792,5.165376,1.129261,0.130047,0.288811,0.233804,0.232606,0.246321,0.198458,24.542661,32.287137
settings_five,synthetic_batch_585.out,0.122031,5.382536,1.10726,0.12989,,,,,,,6.7417169999999995
settings_five,synthetic_batch_586.out,0.123613,5.865202,1.125483,0.130556,0.307675,0.239643,0.239263,0.181485,0.19514,25.34122,33.74928
settings_five,synthetic_batch_587.out,0.139854,4.980562,1.122043,0.130205,0.300827,0.240753,0.236898,0.170917,0.200154,24.242719,31.764932
settings_five,synthetic_batch_588.out,0.124524,4.76469,1.123262,0.12994,0.274635,0.242736,0.237739,0.185408,0.227713,24.0062,31.316847
settings_five,synthetic_batch_589.out,0.121328,4.455659,1.189214,0.129933,0.281857,0.231722,0.271712,0.182383,0.188167,22.420783,29.472758
settings_five,synthetic_batch_590.out,0.119924,4.295836,1.132582,0.131015,0.29884,0.231213,0.251052,0.218395,0.192706,28.512196,35.383759
settings_five,synthetic_batch_591.out,0.121678,4.93979,1.11926,0.130605,0.294152,0.229874,0.247379,0.22947,0.185864,22.021766,29.519838
settings_five,synthetic_batch_592.out,0.120618,5.718323,1.12358,0.130801,0.298072,0.230418,0.236008,0.165677,0.195915,24.120112,32.339524
settings_five,synthetic_batch_593.out,0.12147,5.01459,1.116558,0.136464,0.291005,0.237247,0.238033,0.240128,0.194305,23.83972,31.42952
settings_five,synthetic_batch_594.out,0.121748,4.527711,1.115941,0.133708,0.287577,0.2339,0.249641,0.271026,0.18527,24.548074,31.674596
settings_five,synthetic_batch_595.out,0.121068,5.28376,1.12867,0.135001,0.285394,0.233196,0.254374,0.24768,0.196159,25.1997,33.085002
settings_five,synthetic_batch_596.out,0.128407,5.145114,1.118853,0.135119,0.278099,0.24021,0.247866,0.229443,0.182517,23.533254,31.238882
settings_five,synthetic_batch_597.out,0.12191,4.937299,1.115508,0.137695,0.291404,0.23163,0.235855,0.157068,0.196202,21.365894,28.790465
settings_five,synthetic_batch_598.out,0.121262,4.423583,1.125343,0.136637,0.298919,0.233175,0.273237,0.249801,0.195392,23.063136,30.120485000000002
settings_five,synthetic_batch_599.out,0.119998,5.411285,1.139548,0.135097,0.297969,0.233088,0.244533,0.175762,0.197538,23.48645,31.441268
settings_five,synthetic_batch_600.out,0.120303,4.176454,1.161651,0.132307,0.271604,0.235166,0.235177,0.1858,0.190066,25.435355,32.143883
settings_five,synthetic_batch_601.out,0.120532,4.833379,1.133877,0.140847,0.355718,0.235501,0.243595,0.264556,0.203305,23.427809,30.959119
settings_five,synthetic_batch_602.out,0.119944,5.422375,1.122962,0.134139,0.295504,0.238119,0.236141,0.189244,0.197274,23.3183,31.274002
settings_five,synthetic_batch_603.out,0.121322,4.422693,1.123568,0.140781,0.294842,0.254906,0.231296,0.203449,0.186019,21.810986,28.789862
settings_five,synthetic_batch_604.out,0.121401,5.486201,1.133277,0.141446,0.290911,0.255065,0.233251,0.201163,0.186529,23.203929,31.253172999999997
settings_five,synthetic_batch_605.out,0.12121,4.397638,1.133006,0.13475,0.304425,0.246858,0.233969,0.273869,0.181078,31.653887,38.68069
settings_five,synthetic_batch_606.out,0.122506,4.212786,1.121549,0.131013,0.286962,0.234068,0.235784,0.18695,0.202703,28.285755,35.020076
settings_five,synthetic_batch_607.out,0.121533,4.226961,1.12728,0.132821,0.281689,0.23142,0.228834,0.224403,0.181649,26.796747,33.553337
settings_five,synthetic_batch_608.out,0.121393,5.063934,1.107765,0.133837,0.307137,0.232367,0.230003,0.235318,0.182622,25.015765,32.630140999999995
settings_five,synthetic_batch_609.out,0.119947,5.326727,1.123692,0.131992,0.298299,0.233353,0.23419,0.198958,0.182866,25.09283,32.942854
settings_five,synthetic_batch_610.out,0.122183,4.841273,1.129174,0.131235,0.307387,0.231451,0.240606,0.234284,0.185583,24.069588,31.492764
settings_five,synthetic_batch_611.out,0.121608,5.185377,1.153087,0.130544,0.297734,0.235,0.252632,0.2361,0.194219,22.544161,30.350462
settings_five,synthetic_batch_612.out,0.13029,4.727752,1.13104,0.129914,0.353797,0.240422,0.285961,0.223631,0.18451,23.886463,31.293779999999998
settings_five,synthetic_batch_613.out,0.124446,5.267902,1.160358,0.130555,0.287337,0.231515,0.270548,0.208247,0.259493,23.575932,31.516333000000003
settings_five,synthetic_batch_614.out,0.124522,4.967253,1.136355,0.130465,0.293545,0.230997,0.271902,0.174311,0.19528,23.673324,31.197954000000003
settings_five,synthetic_batch_615.out,0.124923,4.839179,1.131639,0.130372,0.309475,0.237115,0.253501,0.233216,0.187641,22.587729,30.03479
settings_five,synthetic_batch_616.out,0.121797,4.6995,1.155322,0.134864,0.284936,0.235889,0.230036,0.236245,0.190959,25.065233,32.354781
settings_five,synthetic_batch_617.out,0.119945,4.909512,1.123459,0.13264,0.305627,0.23327,0.230631,0.194594,0.181617,22.978083,30.409378000000004
settings_five,synthetic_batch_618.out,0.120173,4.553045,1.118098,0.136816,0.345469,0.233964,0.233165,0.186689,0.185398,23.763854,30.876670999999998
settings_five,synthetic_batch_619.out,0.119074,4.779991,1.134125,0.133834,0.28001,0.233591,0.261923,0.225963,0.196991,22.279166,29.644668
settings_five,synthetic_batch_620.out,0.120734,5.108777,1.158155,0.13233,0.306631,0.244746,0.280251,0.186685,0.184752,24.671194,32.394255
settings_five,synthetic_batch_621.out,0.120167,4.888127,1.130228,0.130909,0.29755,0.23656,0.316037,0.187687,0.182813,24.646795,32.136873
settings_five,synthetic_batch_622.out,0.120082,4.73892,1.148026,0.132379,0.303568,0.232129,0.257956,0.205284,0.181763,24.620992,31.941099
settings_five,synthetic_batch_623.out,0.119299,5.083221,1.12803,0.139398,0.294406,0.232041,0.231956,0.211349,0.183565,23.077292,30.700557
settings_five,synthetic_batch_624.out,0.119733,4.41354,1.137612,0.137432,0.309118,0.232902,0.228435,0.182483,0.182846,22.812726,29.756827
settings_five,synthetic_batch_625.out,0.118706,4.352528,1.129215,0.133327,0.30024,0.230983,0.234991,0.184518,0.180417,25.004599,31.869524
settings_five,synthetic_batch_626.out,0.118334,4.482737,1.131017,0.130465,0.283691,0.23828,0.23148,0.199634,0.183249,23.198123,30.19701
settings_five,synthetic_batch_627.out,0.117618,4.937475,1.131469,0.129844,0.285801,0.232002,0.230411,0.270792,0.193801,23.280804,30.810017000000002
settings_five,synthetic_batch_628.out,0.119869,4.439382,1.11767,0.132346,0.300581,0.234657,0.231387,0.247105,0.191429,23.744522,30.758948
settings_five,synthetic_batch_629.out,0.124508,5.225444,1.115312,0.137926,0.285233,0.244851,0.23499,0.272294,0.181244,21.28351,29.105311999999998
settings_five,synthetic_batch_630.out,0.119098,4.499275,1.163999,0.131668,0.29917,0.240082,0.245867,0.217854,0.191053,25.62836,32.736426
settings_five,synthetic_batch_631.out,0.120614,5.998579,1.13483,0.135029,0.290047,0.236328,0.313171,0.22304,0.183395,23.201259,31.836292
settings_five,synthetic_batch_632.out,0.119524,4.984761,1.125277,0.13136,0.30846,0.23366,0.242806,0.176468,0.18406,23.117259,30.623635
settings_five,synthetic_batch_633.out,0.119337,5.030566,1.114936,0.131567,0.275866,0.238104,0.235535,0.205524,0.182958,23.14631,30.680703
settings_five,synthetic_batch_634.out,0.118817,4.6291,1.149513,0.130716,0.290304,0.236738,0.260146,0.207845,0.183367,22.87028,30.076826
settings_five,synthetic_batch_635.out,0.1197,5.296916,1.110665,0.129351,0.291919,0.234636,0.241678,0.203683,0.181607,23.980007,31.790162000000002
settings_five,synthetic_batch_636.out,0.119619,4.908546,1.151194,0.129447,0.35844,0.233734,0.232182,0.199456,0.189661,22.726144,30.248423000000003
settings_five,synthetic_batch_637.out,0.119738,4.698678,1.147358,0.13181,0.30512,0.245515,0.23471,0.279089,0.188623,22.406575,29.757216
settings_five,synthetic_batch_638.out,0.12027,4.458715,1.122428,0.134603,0.305828,0.247334,0.247553,0.272613,0.184537,24.211756,31.305637
settings_five,synthetic_batch_639.out,0.119792,5.177472,1.121032,0.13778,0.291074,0.233936,0.240745,0.179179,0.180424,25.37221,33.053644
settings_five,synthetic_batch_640.out,0.122294,5.150519,1.120701,0.132758,0.288788,0.233069,0.233844,0.253382,0.18319,27.651769,35.370314
settings_five,synthetic_batch_641.out,0.122867,7.436669,1.119482,0.133857,0.294654,0.231223,0.233471,0.141586,0.180583,24.437012,34.331404
settings_five,synthetic_batch_642.out,0.119686,6.233358,1.113216,0.133095,0.293369,0.232046,0.22841,0.225649,0.18117,25.018562,33.778560999999996
settings_five,synthetic_batch_643.out,0.121216,5.796897,1.111423,0.148851,0.28942,0.23156,0.2508,0.203901,0.18122,23.96015,32.295438
settings_five,synthetic_batch_644.out,0.121807,5.268296,1.113408,0.130734,0.332213,0.232163,0.230634,0.244961,0.183969,26.158969,34.017154
settings_five,synthetic_batch_645.out,0.11916,4.374243,1.110831,0.131084,0.302173,0.231453,0.243848,0.223548,0.179788,22.593467,29.509595
settings_five,synthetic_batch_646.out,0.119872,4.914151,1.129414,0.13465,0.279566,0.250673,0.240593,0.273792,0.199566,23.505965,31.048242000000002
settings_five,synthetic_batch_647.out,0.120115,5.387142,1.104523,0.130421,0.289661,0.237558,0.244113,0.185173,0.189442,23.5204,31.408547999999996
settings_five,synthetic_batch_648.out,0.120496,4.79793,1.112369,0.131672,0.313298,0.231925,0.233609,0.240017,0.182745,24.164162,31.528223
settings_five,synthetic_batch_649.out,0.119976,5.512696,1.107083,0.130113,,,,,,,6.869868
settings_five,synthetic_batch_650.out,0.119679,4.830859,1.118114,0.129436,0.290712,0.237953,0.245869,0.178553,0.182933,23.230497,30.564605
settings_five,synthetic_batch_651.out,0.120719,5.264361,1.119028,0.131212,0.301073,0.238031,0.260929,0.289326,0.187966,24.148391,32.061036
settings_five,synthetic_batch_652.out,0.120257,5.202469,1.139802,0.129873,0.305422,0.233451,0.237868,0.303024,0.180658,24.185538,32.038362
settings_five,synthetic_batch_653.out,0.118921,4.84003,1.132855,0.131978,0.280182,0.232281,0.240858,0.205876,0.181565,23.051822,30.416368000000002
settings_five,synthetic_batch_654.out,0.124714,5.155227,1.116889,0.133269,0.311319,0.229211,0.235643,0.273303,0.182862,25.30324,33.065677
settings_five,synthetic_batch_655.out,0.12205,6.883016,1.119179,0.130275,,,,,,,8.25452
settings_five,synthetic_batch_656.out,0.123022,5.308027,1.107204,0.134697,0.301035,0.247159,0.238057,0.229523,0.184281,24.606207,32.479212000000004
settings_five,synthetic_batch_657.out,0.123732,4.572466,1.116128,0.134047,0.288777,0.235249,0.249545,0.179999,0.188131,22.749578,29.837652000000002
settings_five,synthetic_batch_658.out,0.122309,5.193384,1.117335,0.13169,0.300483,0.233093,0.240342,0.156745,0.211057,22.866958,30.573396
settings_five,synthetic_batch_659.out,0.124019,5.455996,1.106575,0.130815,0.293297,0.232295,0.232284,0.174669,0.185249,24.38853,32.323729
settings_five,synthetic_batch_660.out,0.128963,4.819822,1.12245,0.130785,0.315867,0.24703,0.234534,0.210003,0.183505,23.5825,30.975459
settings_five,synthetic_batch_661.out,0.123316,5.953849,1.116677,0.131118,0.273581,0.267828,0.241567,0.198016,0.18063,24.734054,33.220636
settings_five,synthetic_batch_662.out,0.124724,5.462368,1.104377,0.131507,0.280652,0.247275,0.250157,0.243682,0.188073,24.807183,32.839997999999994
settings_five,synthetic_batch_663.out,0.145447,4.655928,1.105632,0.132744,0.302186,0.232253,0.244754,0.195868,0.181802,23.069105,30.265719
settings_five,synthetic_batch_664.out,0.129365,4.943802,1.111031,0.131333,0.286214,0.236698,0.239416,0.178584,0.181057,24.039527,31.477027
settings_five,synthetic_batch_665.out,0.130802,5.323051,1.111697,0.132185,0.288872,0.245048,0.235695,0.149931,0.185896,30.03242,37.835597
settings_five,synthetic_batch_666.out,0.131227,6.748537,1.14609,0.130243,0.309163,0.234999,0.244899,0.196555,0.183697,23.807917,33.133327
settings_five,synthetic_batch_667.out,0.124572,5.349708,1.127092,0.129941,0.349343,0.231263,0.315449,0.269287,0.180849,27.640931,35.718435
settings_five,synthetic_batch_668.out,0.124278,5.399329,1.118236,0.130613,0.309489,0.231892,0.276552,0.201292,0.192868,23.521619,31.506168000000002
settings_five,synthetic_batch_669.out,0.121359,5.170294,1.126836,0.136624,0.269494,0.237634,0.234787,0.23885,0.197983,23.996334,31.730195000000002
settings_five,synthetic_batch_670.out,0.128435,5.573604,1.109388,0.13383,,,,,,,6.945257
settings_five,synthetic_batch_671.out,0.123393,5.523742,1.122578,0.135243,0.295226,0.237439,0.314276,0.182598,0.191498,22.987496,31.113489
settings_five,synthetic_batch_672.out,0.123802,6.133973,1.112159,0.130888,0.279627,0.232804,0.245132,0.244631,0.185067,23.302069,31.990152000000002
settings_five,synthetic_batch_673.out,0.123995,5.442479,1.10778,0.135324,0.302399,0.231745,0.233334,0.19687,0.189636,24.345202,32.308764
settings_five,synthetic_batch_674.out,0.124566,4.520141,1.114053,0.131697,0.327243,0.240814,0.246045,0.184247,0.187796,22.961182,30.037784000000002
settings_five,synthetic_batch_675.out,0.1206,4.747104,1.165086,0.130842,0.314123,0.243897,0.327241,0.211907,0.188158,22.509572,29.958529999999996
settings_five,synthetic_batch_676.out,0.119947,5.267594,1.118126,0.130357,0.303677,0.236598,0.235138,0.269346,0.182701,23.673324,31.536808
settings_five,synthetic_batch_677.out,0.119433,5.103982,1.114052,0.133982,0.29589,0.235033,0.230273,0.275912,0.20046,22.190542,29.899559
settings_five,synthetic_batch_678.out,0.120767,5.114621,1.12999,0.130601,0.292855,0.232379,0.232951,0.20609,0.190149,24.607759,32.258162
settings_five,synthetic_batch_679.out,0.124919,4.95112,1.106628,0.129768,0.302082,0.232889,0.239078,0.171189,0.190608,23.158542,30.606823000000002
settings_five,synthetic_batch_680.out,0.133669,5.398167,1.121745,0.130512,0.282269,0.234092,0.229591,0.236973,0.184887,22.49251,30.444415
settings_five,synthetic_batch_681.out,0.120583,7.079387,1.115485,0.134535,0.301448,0.230522,0.232829,0.194432,0.185027,22.608061,32.202309
settings_five,synthetic_batch_682.out,0.119752,4.663795,1.115552,0.132449,0.311854,0.237065,0.234377,0.212533,0.180567,20.944737,28.152681
settings_five,synthetic_batch_683.out,0.120925,5.243843,1.117287,0.130636,0.298155,0.240872,0.233753,0.272397,0.182053,23.785137,31.625058
settings_five,synthetic_batch_684.out,0.120311,4.876393,1.12362,0.136828,0.309054,0.245389,0.233744,0.17109,0.18222,22.212583,29.611232
settings_five,synthetic_batch_685.out,0.119742,5.600694,1.129926,0.132113,0.291355,0.240186,0.235355,0.190941,0.1835,22.692225,30.816037
settings_five,synthetic_batch_686.out,0.120014,5.045999,1.125153,0.132736,0.292133,0.232857,0.232661,0.216649,0.181362,25.050942,32.630506
settings_five,synthetic_batch_687.out,0.119832,5.243368,1.133758,0.136736,0.285363,0.236672,0.233679,0.24594,0.190491,21.285673,29.111511999999998
settings_five,synthetic_batch_688.out,0.119223,4.6672,1.12382,0.132931,0.287711,0.231904,0.23317,0.2723,0.182366,21.739091,28.989715999999998
settings_five,synthetic_batch_689.out,0.120106,5.111592,1.117755,0.13279,0.294529,0.231004,0.230051,0.220981,0.186481,23.329725,30.975013999999998
settings_five,synthetic_batch_690.out,0.11933,5.325154,1.112798,0.13055,0.281126,0.232821,0.243262,0.210009,0.19586,21.042663,28.893573
settings_five,synthetic_batch_691.out,0.12102,4.641839,1.118353,0.130768,0.308127,0.22994,0.266945,0.259644,0.183648,24.25733,31.517614
settings_five,synthetic_batch_692.out,0.121087,6.375808,1.126698,0.131149,0.299704,0.234936,0.245248,0.162815,0.185193,24.733527,33.616164999999995
settings_five,synthetic_batch_693.out,0.120724,4.966315,1.114749,0.131346,0.297509,0.237982,0.284563,0.260787,0.184485,24.909805,32.508264999999994
settings_five,synthetic_batch_694.out,0.120056,4.955674,1.106986,0.128991,0.294072,0.246074,0.235464,0.187696,0.181931,25.049078,32.506022
settings_five,synthetic_batch_695.out,0.125067,4.497331,1.114526,0.129634,0.275674,0.272256,0.239184,0.204264,0.181396,23.623686,30.663018
settings_five,synthetic_batch_696.out,0.119955,4.918739,1.107908,0.134623,0.342873,0.232356,0.229904,0.232681,0.180965,25.05995,32.559954
settings_five,synthetic_batch_697.out,0.12026,5.065552,1.140022,0.130458,0.287235,0.230506,0.27542,0.199416,0.181922,24.769977,32.400768
settings_five,synthetic_batch_698.out,0.119463,4.670801,1.113152,0.130003,0.280448,0.231161,0.274789,0.270925,0.182762,24.253282,31.526785999999998
settings_five,synthetic_batch_699.out,0.120735,5.219588,1.112102,0.129861,0.294315,0.232756,0.255374,0.260069,0.186812,22.411219,30.222831
